日期,股票代码,开盘,最高,最低,收盘,成交量,成交额
2016-03-11,002230,17.49995555,17.7272277,17.0778787,17.4025532,21068355,564813088.0
2016-03-14,002230,17.72073421,18.81164053,17.5973579,18.56488791,38931811,1102483088.0
2016-03-15,002230,18.38307019,18.74021214,17.99995428,18.13631757,27875988,786988064.0
2016-03-16,002230,18.13631757,18.13631757,18.13631757,18.13631757,0,0.0
2016-03-17,002230,18.13631757,18.13631757,18.13631757,18.13631757,0,0.0
2016-03-18,002230,18.13631757,18.13631757,18.13631757,18.13631757,0,0.0
2016-03-21,002230,18.13631757,18.13631757,18.13631757,18.13631757,0,0.0
2016-03-22,002230,18.13631757,18.13631757,18.13631757,18.13631757,0,0.0
2016-03-23,002230,18.13631757,18.13631757,18.13631757,18.13631757,0,0.0
2016-03-24,002230,18.13631757,18.13631757,18.13631757,18.13631757,0,0.0
2016-03-25,002230,18.13631757,18.13631757,18.13631757,18.13631757,0,0.0
2016-03-28,002230,18.13631757,18.13631757,18.13631757,18.13631757,0,0.0
2016-03-29,002230,18.13631757,18.13631757,18.13631757,18.13631757,0,0.0
2016-03-30,002230,18.13631757,18.13631757,18.13631757,18.13631757,0,0.0
2016-03-31,002230,18.13631757,18.13631757,18.13631757,18.13631757,0,0.0
2016-04-01,002230,18.13631757,18.13631757,18.13631757,18.13631757,0,0.0
2016-04-05,002230,18.13631757,18.13631757,18.13631757,18.13631757,0,0.0
2016-04-06,002230,18.13631757,18.13631757,18.13631757,18.13631757,0,0.0
2016-04-07,002230,18.13631757,18.13631757,18.13631757,18.13631757,0,0.0
2016-04-08,002230,18.13631757,18.13631757,18.13631757,18.13631757,0,0.0
2016-04-11,002230,18.13631757,18.13631757,18.13631757,18.13631757,0,0.0
2016-04-12,002230,18.13631757,18.13631757,18.13631757,18.13631757,0,0.0
2016-04-13,002230,18.13631757,18.13631757,18.13631757,18.13631757,0,0.0
2016-04-14,002230,18.13631757,18.13631757,18.13631757,18.13631757,0,0.0
2016-04-15,002230,18.13631757,18.13631757,18.13631757,18.13631757,0,0.0
2016-04-18,002230,18.13631757,18.13631757,18.13631757,18.13631757,0,0.0
2016-04-19,002230,18.13631006,18.13631006,18.13631006,18.13631006,0,0.0
2016-04-20,002230,18.13631006,18.13631006,18.13631006,18.13631006,0,0.0
2016-04-21,002230,18.13631006,18.13631006,18.13631006,18.13631006,0,0.0
2016-04-22,002230,18.13631006,18.13631006,18.13631006,18.13631006,0,0.0
2016-04-25,002230,18.13631006,18.13631006,18.13631006,18.13631006,0,0.0
2016-04-26,002230,18.13631006,18.13631006,18.13631006,18.13631006,0,0.0
2016-04-27,002230,18.13631006,18.13631006,18.13631006,18.13631006,0,0.0
2016-04-28,002230,18.13631006,18.13631006,18.13631006,18.13631006,0,0.0
2016-04-29,002230,18.13631006,18.13631006,18.13631006,18.13631006,0,0.0
2016-05-03,002230,18.13631006,18.13631006,18.13631006,18.13631006,0,0.0
2016-05-04,002230,18.13631006,18.13631006,18.13631006,18.13631006,0,0.0
2016-05-05,002230,18.13631006,18.13631006,18.13631006,18.13631006,0,0.0
2016-05-06,002230,18.13631006,18.13631006,18.13631006,18.13631006,0,0.0
2016-05-09,002230,18.13631006,18.13631006,18.13631006,18.13631006,0,0.0
2016-05-10,002230,18.13631006,18.13631006,18.13631006,18.13631006,0,0.0
2016-05-11,002230,18.13631006,18.13631006,18.13631006,18.13631006,0,0.0
2016-05-12,002230,18.13631006,18.13631006,18.13631006,18.13631006,0,0.0
2016-05-13,002230,18.13631006,18.13631006,18.13631006,18.13631006,0,0.0
2016-05-16,002230,18.13631006,18.13631006,18.13631006,18.13631006,0,0.0
2016-05-17,002230,18.13631006,18.13631006,18.13631006,18.13631006,0,0.0
2016-05-18,002230,18.247096,19.57001046,17.37384212,18.74237432,69607241,2016852096.0
2016-05-19,002230,18.3122642,19.06821532,18.1493437,18.33181466,37467176,1069313584.0
2016-05-20,002230,17.97990638,18.03855776,17.45204396,17.86260362,29558143,805542496.0
2016-05-23,002230,17.921255,18.42305014,17.8560868,18.20147826,23932292,669274624.0
2016-05-24,002230,18.35136512,19.00956394,18.3448483,18.62507156,35134104,1013175120.0
2016-05-25,002230,18.87922754,18.898778,18.2145119,18.24057918,26971723,769721664.0
2016-05-26,002230,18.03855776,18.4100165,17.595414,18.14282688,22543829,617821648.0
2016-05-27,002230,18.16889416,18.36439876,17.93428864,17.96687274,15051386,419033264.0
2016-05-30,002230,17.73878404,17.7909186,17.40642622,17.51721216,17024724,459113536.0
2016-05-31,002230,17.66709902,19.06821532,17.66709902,18.91832846,41050283,1163696672.0
2016-06-01,002230,18.93787892,19.45922452,18.93787892,19.13338352,43255580,1276155584.0
2016-06-02,002230,19.04214804,19.27675356,18.898778,19.20506854,27318855,800170144.0
2016-06-03,002230,19.26371992,20.9841604,19.26371992,20.20865882,64923880,2012318368.0
2016-06-06,002230,22.2223562,22.22887302,21.06887906,21.49898918,77228814,2567118432.0
2016-06-07,002230,21.505506,21.55764056,20.67786986,20.9841604,47986363,1544017120.0
2016-06-08,002230,21.02326132,22.52212992,20.60618484,22.13763754,71132256,2363674688.0
2016-06-13,002230,21.7010106,22.52864674,20.41719706,20.4628148,65391615,2174789008.0
2016-06-14,002230,20.58663438,21.1470809,19.73293096,20.3324784,44111506,1379857488.0
2016-06-15,002230,20.1369738,21.68797696,19.9414692,21.55764056,47470493,1542610976.0
2016-06-16,002230,21.3751696,21.74662834,21.13404726,21.49898918,32913999,1078920480.0
2016-06-17,002230,21.7335947,21.9942675,20.9515763,21.13404726,33910815,1115791584.0
2016-06-20,002230,20.9515763,21.12753044,20.37809614,20.84079036,26810789,851274880.0
2016-06-21,002230,20.93202584,21.4729219,20.3324784,20.51494936,29349858,943648096.0
2016-06-22,002230,20.44326434,21.10146316,20.21517564,21.10146316,23953749,758804800.0
2016-06-23,002230,21.06887906,21.07539588,20.51494936,20.86034082,24283419,775190320.0
2016-06-24,002230,20.96460994,21.23179956,19.76551506,20.40416342,37180647,1175471568.0
2016-06-27,002230,20.2673102,20.94505948,20.20865882,20.84079036,26247567,833223280.0
2016-06-28,002230,20.67135304,21.68146014,20.61270166,21.36865278,42838151,1400535264.0
2016-06-29,002230,21.58370784,21.64235922,20.99719404,21.10146316,25432863,827680592.0
2016-06-30,002230,21.25135002,21.46640508,20.9841604,21.4077537,22618419,737555136.0
2016-07-01,002230,21.4077537,21.58370784,21.0167445,21.07539588,20025140,653684672.0
2016-07-04,002230,21.06887906,21.5706742,20.77562216,21.4729219,26736112,873404528.0
2016-07-05,002230,21.505506,21.505506,21.1144968,21.33606868,19882694,649191888.0
2016-07-06,002230,21.30348458,21.30348458,20.79517262,20.92550902,24678220,795145200.0
2016-07-07,002230,20.73000442,21.06236224,20.2998943,20.61921848,28855986,912391472.0
2016-07-08,002230,20.7234876,20.93854266,20.5605671,20.7234876,16942180,539549632.0
2016-07-11,002230,20.71697078,20.8212399,20.26079338,20.2998943,24192042,761193136.0
2016-07-12,002230,20.2673102,20.50191572,19.79158234,20.48888208,25862482,799950576.0
2016-07-13,002230,20.527983,20.97764358,20.2673102,20.65180258,27439142,869038464.0
2016-07-14,002230,20.58663438,20.77562216,20.51494936,20.5931512,15961223,505270080.0
2016-07-15,002230,20.59966802,21.42730416,20.5931512,21.00371086,44902197,1456926064.0
2016-07-18,002230,21.179665,21.179665,20.42371388,20.61921848,24198584,770986192.0
2016-07-19,002230,20.63225212,20.71697078,20.2673102,20.61921848,15196458,476582224.0
2016-07-20,002230,20.6909035,20.83427354,20.54101664,20.61921848,12689625,402489728.0
2016-07-21,002230,20.61921848,20.61921848,20.61921848,20.61921848,0,0.0
2016-07-22,002230,20.61921848,20.61921848,20.61921848,20.61921848,0,0.0
2016-07-25,002230,20.61921848,20.61921848,20.61921848,20.61921848,0,0.0
2016-07-26,002230,20.61921848,20.61921848,20.61921848,20.61921848,0,0.0
2016-07-27,002230,20.61921848,20.61921848,20.61921848,20.61921848,0,0.0
2016-07-28,002230,19.6807964,20.18910836,18.85316026,19.17248444,44649762,1334954512.0
2016-07-29,002230,19.32888812,19.6156282,18.69023976,18.898778,19649244,578441472.0
2016-08-01,002230,18.8010257,18.94439574,18.25361282,18.59900428,14351397,407241440.0
2016-08-02,002230,18.61855474,18.78799206,18.4751847,18.6706893,10162695,290401088.0
2016-08-03,002230,18.65113884,18.84664344,18.52731926,18.67720612,8855091,254173897.0
2016-08-04,002230,18.7684416,19.25068628,18.67720612,19.04214804,15804927,461979088.0
2016-08-05,002230,19.0616985,19.13990034,18.87271072,18.88574436,9717953,283062864.0
2016-08-08,002230,18.88574436,19.3549554,18.81405934,19.27023674,11866281,349899264.0
2016-08-09,002230,19.26371992,19.33540494,19.0291144,19.30933766,15156327,445753504.0
2016-08-10,002230,19.36147222,19.36147222,19.1268667,19.15293398,11238430,331505888.0
2016-08-11,002230,19.0616985,19.1594508,18.65765566,18.69023976,13861962,401092240.0
2016-08-12,002230,18.72282386,18.88574436,18.55338654,18.7684416,10903064,313296144.0
2016-08-15,002230,19.16596762,19.8111328,18.8010257,19.6807964,33392709,992314928.0
2016-08-16,002230,19.6807964,20.25427656,19.60259456,20.01967104,28954390,890572064.0
2016-08-17,002230,20.01967104,20.05877196,19.68731322,19.81764962,16348355,498373744.0
2016-08-18,002230,19.73944778,19.99360376,19.59607774,19.68731322,13477140,408829952.0
2016-08-19,002230,19.8437169,20.24775974,19.78506552,19.93495238,19155418,588124912.0
2016-08-22,002230,19.9414692,20.02618786,19.6156282,19.7785487,14867376,451372240.0
2016-08-23,002230,19.73293096,19.96753648,19.6156282,19.73944778,10666221,324357824.0
2016-08-24,002230,19.88281782,20.37157932,19.73293096,20.1369738,21541606,663894256.0
2016-08-25,002230,19.95450284,20.48236526,19.7459646,20.40416342,27170204,842961152.0
2016-08-26,002230,20.50191572,20.50191572,19.7459646,19.83720008,28229089,871269040.0
2016-08-29,002230,19.7459646,19.92843556,19.59607774,19.70686368,11971842,363004848.0
2016-08-30,002230,19.7133805,19.90236828,19.69383004,19.75248142,9459496,287092864.0
2016-08-31,002230,19.73944778,19.8437169,19.5830441,19.79158234,10152745,307066064.0
2016-09-01,002230,19.7785487,19.80461598,19.4527077,19.6156282,12630405,380553232.0
2016-09-02,002230,19.54394318,19.66124594,19.3223713,19.37450586,10408787,311018752.0
2016-09-05,002230,19.43315724,19.65472912,19.36798904,19.3875395,8513685,255093515.0
2016-09-06,002230,19.4852918,19.9088851,19.23765264,19.88933464,15653165,472298752.0
2016-09-07,002230,19.89585146,20.08483924,19.70686368,19.75248142,13683024,418331872.0
2016-09-08,002230,19.79158234,19.92843556,19.49180862,19.65472912,10534886,318421040.0
2016-09-09,002230,19.66776276,19.7133805,19.36147222,19.39405632,11521071,344397424.0
2016-09-12,002230,18.898778,19.1594508,18.71630704,18.78799206,17607208,511390560.0
2016-09-13,002230,18.91181164,18.99001348,18.78799206,18.91832846,8126991,235478360.0
2016-09-14,002230,18.87922754,19.3223713,18.77495842,18.95742938,9514753,277908112.0
2016-09-19,002230,19.04214804,19.31585448,19.02259758,19.08124896,7270584,213752730.0
2016-09-20,002230,19.1268667,19.1594508,18.92484528,18.98349666,4862046,141798367.0
2016-09-21,002230,18.99001348,19.21810218,18.97046302,19.07473214,6306214,184847511.0
2016-09-22,002230,19.20506854,19.3223713,19.07473214,19.15293398,7346046,216298696.0
2016-09-23,002230,19.16596762,19.23765264,18.91181164,18.91832846,7181096,209711577.0
2016-09-26,002230,18.88574436,18.99001348,18.4426006,18.4426006,10473530,300707200.0
2016-09-27,002230,18.45563424,18.65113884,18.3122642,18.59900428,8322874,236265267.0
2016-09-28,002230,18.63158838,18.68372294,18.51428562,18.52080244,4548250,129664807.0
2016-09-29,002230,18.56642018,18.71630704,18.51428562,18.52731926,5797661,165581848.0
2016-09-30,002230,18.52080244,18.56642018,18.43608378,18.52731926,5392125,153086259.0
2016-10-10,002230,18.69675658,19.1268667,18.69675658,19.08776578,11314468,329327792.0
2016-10-11,002230,19.0942826,19.2897872,19.0291144,19.12034988,9469513,278047488.0
2016-10-12,002230,19.0616985,19.21158536,18.9965303,19.04866486,7607413,222669271.0
2016-10-13,002230,19.01608076,19.08776578,18.94439574,19.00304712,7629569,222398952.0
2016-10-14,002230,18.9639462,19.1920349,18.91181164,19.10731624,9064912,264904819.0
2016-10-17,002230,19.1268667,19.224619,18.77495842,18.8336098,7896011,230151555.0
2016-10-18,002230,18.81405934,18.99001348,18.6706893,18.99001348,14602611,422634304.0
2016-10-19,002230,19.3549554,19.75899824,19.14641716,19.17248444,29019562,866813232.0
2016-10-20,002230,19.2897872,19.8437169,19.13990034,19.83068326,38544725,1161005296.0
2016-10-21,002230,19.86326736,19.90236828,19.43967406,19.55697682,20682093,622771872.0
2016-10-24,002230,20.202142,20.51494936,20.0066374,20.09787288,45237895,1406173584.0
2016-10-25,002230,20.01315422,20.51494936,19.9414692,20.3650625,32041801,997915024.0
2016-10-26,002230,20.37157932,20.3976466,19.82416644,19.85023372,23533023,723820400.0
2016-10-27,002230,19.83068326,19.99360376,19.6156282,19.8111328,13417416,406810880.0
2016-10-28,002230,19.76551506,19.99360376,19.49180862,19.49180862,14116905,427182016.0
2016-10-31,002230,19.4852918,19.67427958,19.30282084,19.53742636,12429782,371170176.0
2016-11-01,002230,19.63517866,19.73293096,19.4527077,19.66776276,12800866,384674720.0
2016-11-02,002230,19.66776276,19.9414692,19.4852918,19.53742636,15237953,460957664.0
2016-11-03,002230,19.56349364,19.92843556,19.55046,19.7133805,16600349,504058944.0
2016-11-04,002230,19.71989732,19.78506552,19.4527077,19.46574134,11008002,330512672.0
2016-11-07,002230,19.47877498,19.56349364,19.2572031,19.30933766,11386607,338029088.0
2016-11-08,002230,19.46574134,19.6156282,19.3549554,19.4527077,9713162,290264672.0
2016-11-09,002230,19.4527077,19.54394318,18.90529482,19.06821532,13998058,412673568.0
2016-11-10,002230,19.23113582,19.60259456,19.23113582,19.42664042,13138888,392204272.0
2016-11-11,002230,19.50484226,19.50484226,19.2897872,19.4527077,10519591,312997392.0
2016-11-14,002230,19.55046,19.8437169,19.54394318,19.66776276,15309824,462645760.0
2016-11-15,002230,19.7459646,20.0718056,19.55697682,20.03270468,21396793,650563056.0
2016-11-16,002230,20.08483924,20.1695579,19.81764962,19.8437169,14542511,444968576.0
2016-11-17,002230,19.7459646,19.79809916,19.53090954,19.6156282,13076757,393746080.0
2016-11-18,002230,19.69383004,19.83068326,19.57652728,19.62214502,7839911,236842453.0
2016-11-21,002230,19.7133805,19.92191874,19.62866184,19.78506552,14443395,438748016.0
2016-11-22,002230,19.8111328,19.86326736,19.60259456,19.86326736,12204543,369348080.0
2016-11-23,002230,19.90236828,19.92191874,19.62214502,19.65472912,11655546,352508288.0
2016-11-24,002230,19.71989732,19.77203188,19.28327038,19.36147222,17618037,526108592.0
2016-11-25,002230,19.33540494,19.53090954,19.06821532,19.50484226,10153642,301150864.0
2016-11-28,002230,19.6482123,19.67427958,19.40708996,19.4201236,9173340,274564768.0
2016-11-29,002230,19.4201236,19.4201236,19.1920349,19.224619,11703063,346302416.0
2016-11-30,002230,19.16596762,19.53090954,19.15293398,19.34192176,10278176,305303184.0
2016-12-01,002230,19.34192176,19.43967406,19.24416946,19.32888812,9040016,268180892.0
2016-12-02,002230,19.33540494,19.36798904,18.9639462,18.9639462,11317584,331998400.0
2016-12-05,002230,18.88574436,19.1920349,18.7684416,18.84664344,10679033,310440688.0
2016-12-06,002230,18.9313621,19.0291144,18.75540796,18.82709298,6533238,189334752.0
2016-12-07,002230,18.8336098,19.0291144,18.82709298,19.00304712,7803584,226701231.0
2016-12-08,002230,19.04866486,19.06821532,18.78147524,18.82057616,6603584,191662446.0
2016-12-09,002230,18.87922754,18.88574436,18.55990336,18.58597064,10284086,294500352.0
2016-12-12,002230,18.54686972,18.54686972,17.7909186,17.7909186,18599756,518168896.0
2016-12-13,002230,17.80395224,18.09720914,17.80395224,17.96035592,10091172,278124736.0
2016-12-14,002230,17.9864232,18.0841755,17.79743542,17.81698588,7770053,213674232.0
2016-12-15,002230,17.81698588,18.0841755,17.71923358,17.921255,8468136,232628239.0
2016-12-16,002230,17.92777182,18.22102872,17.83653634,18.15586052,10368357,287952320.0
2016-12-19,002230,18.1167596,18.1167596,17.90170454,17.96035592,5773440,159289511.0
2016-12-20,002230,17.96687274,18.04507458,17.83653634,17.921255,4782888,131407667.0
2016-12-21,002230,17.92777182,18.0515914,17.87563726,17.9864232,6856948,188815395.0
2016-12-22,002230,17.99945684,17.99945684,17.73226722,17.83653634,6865127,187910144.0
2016-12-23,002230,17.84305316,17.93428864,17.53676262,17.5628299,7604636,206700297.0
2016-12-26,002230,17.5302458,17.5302458,17.08710204,17.47811124,9116793,241925211.0
2016-12-27,002230,17.52372898,17.75181768,17.47159442,17.54979626,5422767,146570782.0
2016-12-28,002230,17.56934672,17.71271676,17.45856078,17.4976617,4900969,132214642.0
2016-12-29,002230,17.51721216,17.67361584,17.42597668,17.55631308,5173105,139483757.0
2016-12-30,002230,17.60844764,17.6605822,17.5302458,17.65406538,5006340,135341456.0
2017-01-03,002230,17.78440178,17.97338956,17.7257504,17.84956998,7554768,207142381.0
2017-01-04,002230,17.76485132,18.29923056,17.76485132,18.26012964,14029479,390936896.0
2017-01-05,002230,18.46215106,18.78799206,18.29923056,18.32529784,14791482,420862752.0
2017-01-06,002230,18.35788194,18.35788194,18.03855776,18.11024278,8486382,235935586.0
2017-01-09,002230,18.12979324,18.31878102,18.09069232,18.20799508,6280380,175422757.0
2017-01-10,002230,18.23406236,18.35136512,18.05810822,18.07765868,7158094,199994566.0
2017-01-11,002230,18.4100165,18.5077688,18.12327642,18.13631006,10318445,289847664.0
2017-01-12,002230,18.19496144,18.27316328,17.84305316,17.88215408,7250155,200623681.0
2017-01-13,002230,17.88215408,17.96035592,17.61496446,17.6605822,5992525,163227250.0
2017-01-16,002230,17.58238036,17.58238036,16.4875546,17.23047208,11832118,312978208.0
2017-01-17,002230,17.24350572,17.5628299,17.0089002,17.47811124,8215265,218599911.0
2017-01-18,002230,17.32170756,17.4650776,17.25653936,17.269573,5067110,134975345.0
2017-01-19,002230,17.3347412,17.42597668,17.1718207,17.19137116,4633769,123081102.0
2017-01-20,002230,17.24350572,17.54979626,17.2044048,17.4324935,6435767,172276552.0
2017-01-23,002230,17.4324935,17.68013266,17.42597668,17.51069534,4917284,132316434.0
2017-01-24,002230,17.52372898,17.58889718,17.40642622,17.41945986,3438255,92142054.0
2017-01-25,002230,17.3999094,17.54327944,17.37384212,17.47811124,3335396,89527228.0
2017-01-26,002230,17.53676262,17.73226722,17.53676262,17.61496446,5022650,136108207.0
2017-02-03,002230,17.73226722,18.42956696,17.63451492,18.28619692,17185848,480025376.0
2017-02-06,002230,18.29923056,19.876301,18.10372596,19.52439272,50131991,1471657536.0
2017-02-07,002230,19.4201236,19.62866184,19.1594508,19.39405632,26341275,783728352.0
2017-02-08,002230,19.3875395,19.8437169,19.28327038,19.55697682,24249270,729621696.0
2017-02-09,002230,19.65472912,19.7785487,19.38102268,19.5178759,17021155,510771344.0
2017-02-10,002230,19.49180862,19.64169548,19.04214804,19.1920349,19876533,587317008.0
2017-02-13,002230,19.10731624,19.34192176,19.00304712,19.08776578,15169946,445800096.0
2017-02-14,002230,19.1268667,19.43967406,19.0942826,19.17248444,14706985,434411408.0
2017-02-15,002230,19.21158536,19.31585448,18.9965303,19.08124896,13483246,396038400.0
2017-02-16,002230,19.1268667,19.66124594,18.98349666,19.5178759,22174101,657164256.0
2017-02-17,002230,19.43315724,19.49180862,19.0291144,19.0291144,13670993,403707568.0
2017-02-20,002230,19.0942826,19.40708996,19.04214804,19.224619,10296017,303587648.0
2017-02-21,002230,19.27675356,20.09787288,19.1594508,19.93495238,40007974,1216169120.0
2017-02-22,002230,19.88281782,20.22820928,19.7459646,20.06528878,32672164,1003042096.0
2017-02-23,002230,20.05877196,20.05877196,19.70686368,19.75899824,16808007,510918656.0
2017-02-24,002230,20.0392215,20.3976466,19.94798602,20.04573832,26192671,810624816.0
2017-02-27,002230,19.99360376,20.56708392,19.91540192,20.29337748,35032547,1094280032.0
2017-02-28,002230,20.202142,20.37809614,19.8111328,20.04573832,20871484,641422272.0
2017-03-01,002230,20.04573832,20.18259154,19.876301,19.92843556,12834629,393749344.0
2017-03-02,002230,20.01967104,20.3324784,19.75899824,19.76551506,16886139,518958592.0
2017-03-03,002230,19.78506552,20.18910836,19.62214502,20.07832242,20457403,626065104.0
2017-03-06,002230,20.527983,21.179665,20.22169246,20.80168944,52310214,1659238080.0
2017-03-07,002230,20.81472308,22.88055502,20.6257353,22.39831034,119984296,4049744736.0
2017-03-08,002230,22.0268516,22.30707486,21.72056106,21.95516658,60864987,2048670256.0
2017-03-09,002230,22.03336842,22.88707184,21.8965152,21.8965152,66336306,2277120144.0
2017-03-10,002230,21.9616834,22.5481972,21.70752742,22.30055804,44220941,1501834368.0
2017-03-13,002230,22.79583636,23.44100154,22.37875988,22.54168038,63329446,2222599584.0
2017-03-14,002230,22.4178608,23.19336238,22.16370482,22.4178608,55464573,1925068384.0
2017-03-15,002230,22.27449076,22.3201085,21.831347,21.9942675,39625389,1340872464.0
2017-03-16,002230,22.10505344,22.5156131,22.00078432,22.483029,37055946,1265238432.0
2017-03-17,002230,22.75021862,22.8414541,21.88348156,21.90303202,39616618,1361921360.0
2017-03-20,002230,21.90303202,22.157188,21.54460692,21.81831336,28923293,969475856.0
2017-03-21,002230,21.90954884,23.3627997,21.7661788,22.83493728,71727984,2503850864.0
2017-03-22,002230,22.6133654,23.6234725,22.483029,23.41493426,66535807,2352654960.0
2017-03-23,002230,23.30414832,23.6560566,22.7111177,23.1998792,47505916,1688662832.0
2017-03-24,002230,23.05650916,23.9167294,23.05650916,23.64302296,52842323,1910334928.0
2017-03-27,002230,23.57785476,23.96886396,23.34976606,23.48661928,34756459,1259420400.0
2017-03-28,002230,23.460552,23.460552,22.86100456,22.98482414,30438346,1077324208.0
2017-03-29,002230,23.11516054,23.2650474,22.7111177,22.76325226,30934609,1091079312.0
2017-03-30,002230,22.6133654,23.05650916,22.483029,22.57426448,34638366,1208495808.0
2017-03-31,002230,22.6459495,23.12167736,22.54168038,22.8740382,27960193,979624960.0
2017-04-05,002230,22.7437018,23.5908884,22.7111177,23.33673242,41174584,1476778048.0
2017-04-06,002230,23.3302156,23.44751836,22.94572322,23.0369587,27425911,976084688.0
2017-04-07,002230,22.90010548,23.3627997,22.88707184,22.91965594,24138418,854157040.0
2017-04-10,002230,22.89358866,22.89358866,21.40123688,21.505506,59093633,1989373952.0
2017-04-11,002230,21.49898918,21.75966198,20.99719404,21.62932558,34268224,1126288128.0
2017-04-12,002230,21.45337144,21.59674148,21.0493286,21.08842952,20050423,657397904.0
2017-04-13,002230,21.20573228,21.68146014,21.20573228,21.40123688,17670205,581230784.0
2017-04-14,002230,21.39472006,21.59022466,21.179665,21.22528274,15001106,491528496.0
2017-04-17,002230,21.15359772,21.505506,20.79517262,21.31651822,15694556,511405392.0
2017-04-18,002230,20.527983,20.8212399,19.7133805,19.83720008,50912080,1583136000.0
2017-04-19,002230,19.93495238,20.13045698,19.6807964,20.07832242,22892165,700429200.0
2017-04-20,002230,20.1369738,20.2998943,19.95450284,20.24124292,18312829,566158496.0
2017-04-21,002230,20.30008635,20.31969996,19.95357924,19.98626859,11268986,346337056.0
2017-04-24,002230,20.10395025,20.38507866,19.48939047,20.18240469,22750144,693683424.0
2017-04-25,002230,20.11048812,20.5289118,20.0712609,20.17586682,16748715,520974448.0
2017-04-26,002230,20.20855617,21.17616093,20.2020183,20.76427512,26112719,828898048.0
2017-04-27,002230,20.6596692,20.83619169,20.05818516,20.66620707,23727569,742169904.0
2017-04-28,002230,20.67928281,20.83619169,20.49622245,20.7250479,13496821,427340944.0
2017-05-02,002230,20.67928281,20.73812364,20.37854079,20.4635331,11730702,368223120.0
2017-05-03,002230,20.3981544,20.98002483,20.3981544,20.6596692,16662659,529116944.0
2017-05-04,002230,20.50929819,20.81004021,20.23470765,20.23470765,13410529,422283216.0
2017-05-05,002230,20.23470765,20.50929819,19.82935971,19.92088989,20969280,646280064.0
2017-05-08,002230,19.86204906,20.26085913,19.61361,19.61361,19360885,589575856.0
2017-05-09,002230,19.5482313,19.68552657,18.77022477,18.959823,33260510,972102496.0
2017-05-10,002230,19.01866383,19.26710289,18.52178571,18.63946737,25255458,730218128.0
2017-05-11,002230,18.53486145,18.67869459,17.68493835,18.24719517,31389485,874497072.0
2017-05-12,002230,18.22104369,18.52832358,18.1098999,18.5021721,17817605,500536256.0
2017-05-15,002230,18.77022477,19.24095141,18.7636869,19.07096679,25713499,750677072.0
2017-05-16,002230,19.06442892,19.61361,18.8290656,19.60053426,25053754,738068848.0
2017-05-17,002230,19.61361,19.79013249,19.3520952,19.52207982,19280171,575837072.0
2017-05-18,002230,19.2867165,19.73782953,19.27364076,19.4828526,17423741,521166016.0
2017-05-19,002230,19.52207982,19.60707213,18.96636087,19.18864845,16071522,472705696.0
2017-05-22,002230,19.17557271,19.57438278,19.11019401,19.2213378,13978110,412925568.0
2017-05-23,002230,19.27364076,19.40439816,18.48255849,18.5021721,20677641,593108480.0
2017-05-24,002230,18.5675508,18.91405791,18.22758156,18.91405791,16013825,457299600.0
2017-05-25,002230,18.86175495,19.61361,18.71138394,19.50900408,23831103,701216080.0
2017-05-26,002230,19.50900408,19.82935971,19.35863307,19.55476917,20992662,629482512.0
2017-05-31,002230,19.84897332,20.18240469,19.4828526,19.49592834,20599239,626291776.0
2017-06-01,002230,19.47631473,19.92088989,19.3520952,19.47631473,19707568,592517984.0
2017-06-02,002230,19.29979224,19.77051888,18.71138394,19.70514018,17688846,521455952.0
2017-06-05,002230,19.76398101,20.11048812,19.66591296,19.7443674,16106256,489601568.0
2017-06-06,002230,19.75090527,20.22816978,19.75090527,20.16932895,20014404,613681760.0
2017-06-07,002230,20.2020183,20.47660884,20.08433664,20.4635331,26190225,813736800.0
2017-06-08,002230,20.47660884,20.52237393,20.2020183,20.25432126,17508391,545197392.0
2017-06-09,002230,20.267397,20.66620707,20.05164729,20.49622245,21548783,671497504.0
2017-06-12,002230,20.3981544,20.45699523,19.9405035,19.99280646,15222473,470096848.0
2017-06-13,002230,19.9405035,20.3327757,19.88820054,20.26085913,12184435,376621664.0
2017-06-14,002230,20.26085913,20.43084375,20.05164729,20.31969996,11948633,369611600.0
2017-06-15,002230,20.31969996,21.1173201,20.28047274,20.96694909,32742719,1043083488.0
2017-06-16,002230,20.96694909,21.07809288,20.69889642,20.75773725,15830441,504515408.0
2017-06-19,002230,20.79696447,21.15000945,20.73812364,21.03232779,19889889,638244576.0
2017-06-20,002230,21.1173201,21.16962306,20.84926743,20.88849465,17902232,575088448.0
2017-06-21,002230,21.09116862,21.2480775,20.73158577,21.10424436,20505334,658261232.0
2017-06-22,002230,21.16962306,22.8171663,21.08463075,21.69265266,61117659,2055665360.0
2017-06-23,002230,21.60766035,22.05877338,21.41152425,21.98685681,37421718,1243573712.0
2017-06-26,002230,22.1633793,23.79130893,22.1633793,23.79130893,80080011,2841359744.0
2017-06-27,002230,23.7324681,23.85668763,23.34673377,23.62786218,42922349,1548432320.0
2017-06-28,002230,24.03974799,25.13811015,23.58863496,24.7131486,92278470,3424408416.0
2017-06-29,002230,24.4516338,27.18446346,24.32741427,26.18416935,120193509,4792899840.0
2017-06-30,002230,26.00764686,27.09293328,25.87688946,26.0861013,79347654,3202400416.0
2017-07-03,002230,26.3476161,28.40704515,26.09263917,28.40704515,114094958,4749423872.0
2017-07-04,002230,28.112841,28.66855995,27.9167049,28.53780255,93626651,4051740752.0
2017-07-05,002230,28.28936349,28.75355226,27.51789483,28.52472681,97501931,4184951664.0
2017-07-06,002230,28.13245461,29.38772565,27.74672028,27.81863685,125099891,5434223360.0
2017-07-07,002230,27.66172797,28.4397345,27.49828122,28.21090905,101875550,4372577280.0
2017-07-10,002230,28.11937887,28.89084753,27.72710667,28.25667414,96307754,4165358880.0
2017-07-11,002230,28.3089771,28.68817356,26.04033621,26.06648769,124493974,5242980608.0
2017-07-12,002230,26.09263917,26.27569953,25.19041311,25.7592078,118435658,4657827328.0
2017-07-13,002230,25.66767762,26.51106285,25.5630717,26.15148,87815746,3494036864.0
2017-07-14,002230,25.9553439,26.24954805,25.4323143,25.59576105,60613888,2392021856.0
2017-07-17,002230,25.51076874,26.91641079,24.29472492,26.16455574,114038321,4533315584.0
2017-07-18,002230,26.31492675,26.41953267,25.3015569,26.2168587,66453960,2644109984.0
2017-07-19,002230,26.17109361,28.74701439,25.6938291,28.26321201,115194780,4761245696.0
2017-07-20,002230,28.31551497,30.97642806,28.18475757,30.76721622,138478120,6298198272.0
2017-07-21,002230,31.0548825,31.32947304,29.77999785,29.96305821,102652105,4780990720.0
2017-07-24,002230,30.2049594,30.9241251,29.77999785,30.22457301,78517295,3637196176.0
2017-07-25,002230,30.04151265,30.19188366,28.42012089,28.8320067,86722393,3861681072.0
2017-07-26,002230,28.75355226,29.60347536,28.57702977,29.2242789,63645871,2832840752.0
2017-07-27,002230,28.95622623,32.14670679,28.45934811,32.12709318,134146261,6265263616.0
2017-07-28,002230,31.71520737,32.22516123,31.00911741,31.02219315,93308979,4493891072.0
2017-07-31,002230,30.8587464,31.98326004,30.47954994,31.00257954,75574451,3607643264.0
2017-08-01,002230,30.65607243,32.6239713,30.59069373,31.87211625,85638925,4147960224.0
2017-08-02,002230,32.2316991,32.60435769,31.381776,31.50599553,74234241,3630169520.0
2017-08-03,002230,31.21179138,31.5779121,29.6819298,29.72769489,88643798,4144757008.0
2017-08-04,002230,29.60347536,30.27687597,29.28311973,29.83230081,56573454,2576867600.0
2017-08-07,002230,29.93690673,30.44686059,29.45310435,29.76692211,43502213,1991174752.0
2017-08-08,002230,29.62308897,32.41475946,29.52502092,31.71520737,94920141,4563371264.0
2017-08-09,002230,31.74135885,32.08786596,31.30332156,31.52560914,51945230,2515792016.0
2017-08-10,002230,31.23794286,33.28429617,31.1202612,31.381776,99099090,4903241216.0
2017-08-11,002230,31.11372333,32.21208549,31.11372333,31.35562452,70655354,3416919728.0
2017-08-14,002230,31.92441921,34.49380212,31.92441921,34.49380212,119092856,6139897344.0
2017-08-15,002230,35.4352554,36.17403471,34.98414237,35.8929063,118185813,6444050944.0
2017-08-16,002230,35.70984594,38.91994011,34.98414237,37.97848683,123355841,6925149952.0
2017-08-17,002230,37.5927525,41.72468634,37.3966164,38.9003265,157473289,9512815360.0
2017-08-18,002230,38.97878094,40.03137801,38.12231997,39.22722,106166094,6332537856.0
2017-08-21,002230,38.79572058,41.43702006,38.79572058,41.03820999,120222677,7425761280.0
2017-08-22,002230,40.84207389,41.11012656,39.03762177,39.53449989,109188463,6628139008.0
2017-08-23,002230,39.52142415,40.11637032,38.4426756,38.52766791,82704141,4956632832.0
2017-08-24,002230,38.78264484,39.32528805,37.919646,38.71072827,66681728,3944117024.0
2017-08-25,002230,38.82187206,40.7309301,38.3119182,40.51518039,96055840,5799438336.0
2017-08-28,002230,40.8616875,42.34578399,37.3966164,37.8542673,192544903,11786728192.0
2017-08-29,002230,36.75590514,37.60582824,36.37670868,36.6774507,110321138,6215607040.0
2017-08-30,002230,36.93242763,37.18086669,36.53361756,37.03049568,64445406,3632647952.0
2017-08-31,002230,37.09587438,37.35085131,36.40939803,37.27239687,61327215,3458944848.0
2017-09-01,002230,37.20701817,38.93301585,36.71014005,38.08309275,98352824,5686647552.0
2017-09-04,002230,37.77581286,39.18799278,37.25278326,38.1157821,86564393,5063863040.0
2017-09-05,002230,38.10924423,39.45604545,37.919646,38.69765253,75932607,4513210624.0
2017-09-06,002230,38.3772969,38.82187206,37.1351016,38.10270636,74686910,4327523584.0
2017-09-07,002230,38.1811608,39.39720462,37.92618387,38.48844069,77317906,4571938816.0
2017-09-08,002230,38.33153181,38.34460755,35.81445186,36.0890424,109954749,6188624896.0
2017-09-11,002230,35.67061872,36.27210276,35.21296782,35.78176251,61196650,3336889904.0
2017-09-12,002230,35.87329269,37.25932113,35.5006341,36.44862525,77378378,4310058777.94
2017-09-13,002230,36.57938265,37.10241225,36.18711045,36.42247377,41745218,2333733215.5
2017-09-14,002230,36.2851785,36.6774507,35.29142226,35.34372522,51172512,2809289310.42
2017-09-15,002230,35.34372522,35.79483825,34.54610508,34.650711,48405820,2591351966.76
2017-09-18,002230,34.90568793,35.61831576,34.76185479,35.26527078,36807973,1982242736.17
2017-09-19,002230,35.5006341,37.03703355,35.3698767,36.64476135,79434841,4432546774.6
2017-09-20,002230,36.36363294,36.50092821,35.7621489,36.47477673,44424746,2456401842.1
2017-09-21,002230,36.4159359,36.4159359,34.5199536,34.61148378,59615926,3225123697.92
2017-09-22,002230,34.650711,35.06913468,34.19959797,34.69647609,33948210,1805409660.54
2017-09-25,002230,34.9122258,35.53332345,34.70955183,34.8468471,32331354,1740190558.33
2017-09-26,002230,34.8468471,35.09528616,33.46081866,34.15383288,44864609,2337995874.32
2017-09-27,002230,34.31074176,34.8468471,33.8661666,34.650711,34276423,1807654161.58
2017-09-28,002230,34.74877905,35.70984594,34.5199536,34.55264295,48464398,2605965647.61
2017-09-29,002230,34.64417313,35.3698767,34.17998436,35.07567255,35354148,1884436962.39
2017-10-09,002230,35.6313915,36.27864063,35.40256605,36.14788323,50528465,2778655920.49
2017-10-10,002230,36.2851785,36.78205662,35.74907316,36.78205662,53251715,2957566204.93
2017-10-11,002230,36.82128384,37.25278326,35.87983056,36.20672406,46989037,2621536081.01
2017-10-12,002230,36.2851785,36.54015543,35.55293706,35.77522464,28526525,1565411730.2
2017-10-13,002230,35.77522464,36.4813146,35.50717197,36.31786785,31968909,1768784605.41
2017-10-16,002230,36.8735868,36.88012467,34.76839266,34.80108201,47189530,2578585586.29
2017-10-17,002230,34.5853323,34.60494591,31.97672217,32.89856184,65756625,3312640841.37
2017-10-18,002230,32.69588787,33.11431155,31.66290441,31.68251802,42007739,2079107570.94
2017-10-19,002230,32.41475946,32.80703166,32.035563,32.17939614,37277182,1848249971.31
2017-10-20,002230,32.2316991,32.91817545,31.5779121,32.70896361,31871666,1574244834.51
2017-10-23,002230,32.8854861,33.30390978,32.6239713,32.76780444,24474038,1230609451.66
2017-10-24,002230,32.76780444,32.97047841,32.1663204,32.68281213,21964059,1093980931.57
2017-10-25,002230,32.7547287,33.51312162,32.60435769,33.33006126,35730511,1814730853.41
2017-10-26,002230,33.343137,33.343137,32.6239713,33.04239498,31608236,1594266124.6
2017-10-27,002230,32.96394054,33.19930386,32.40822159,32.4932139,22588333,1133167325.04
2017-10-30,002230,32.68935,34.650711,31.95710856,34.1930601,64778759,3312297884.11
2017-10-31,002230,34.14729501,35.304498,34.00346187,35.0429832,59262649,3151693639.24
2017-11-01,002230,35.0429832,35.65754298,34.69647609,34.72916544,44210433,2379180884.29
2017-11-02,002230,34.81415775,37.7888886,34.81415775,37.1351016,90449734,5071296832.1
2017-11-03,002230,36.9389655,38.55381939,36.65129922,37.265859,79521877,4571828354.5
2017-11-06,002230,37.33777557,37.88041878,36.8082081,37.50776019,52455711,2996350246.79
2017-11-07,002230,38.31845607,39.5541135,38.31845607,39.2925987,78638131,4681067040.09
2017-11-08,002230,39.32528805,39.44296971,38.39037264,38.62573596,59138331,3512435566.66
2017-11-09,002230,38.77610697,39.14876556,37.5927525,38.78264484,55690190,3270207447.44
2017-11-10,002230,39.19453065,39.80255256,38.08309275,38.10270636,61714710,3677093425.92
2017-11-13,002230,37.919646,41.91428457,37.70389629,41.91428457,124628422,7799449714.72
2017-11-14,002230,42.8230485,44.97400773,42.41116269,43.36569171,116095334,7709167651.52
2017-11-15,002230,43.149942,44.03255445,40.61324844,41.188581,102234212,6598210573.44
2017-11-16,002230,42.62037453,45.29436336,42.0385041,44.05216806,107662995,7209084580.37
2017-11-17,002230,44.03909232,46.2227409,43.2153207,43.90179705,106783275,7331790860.57
2017-11-20,002230,44.457516,46.09852137,44.1306225,45.93507462,94418945,6541935602.6
2017-11-21,002230,45.92853675,46.16390007,44.5882734,45.88930953,71681875,4978631380.3
2017-11-22,002230,46.2227409,48.87711612,45.0459243,46.53655866,105607994,7590581120.43
2017-11-23,002230,45.5035752,45.56241603,43.16955561,43.68604734,85916622,5837762748.98
2017-11-24,002230,43.6729716,43.99332723,41.188581,41.34548988,71834564,4660727940.96
2017-11-27,002230,41.52201237,42.22810233,39.82216617,40.24058985,58906777,3724579339.66
2017-11-28,002230,40.534794,44.26791777,40.41057447,43.803729,80973610,5233040650.27
2017-11-29,002230,43.4768355,45.01977282,42.37193547,43.86256983,74263531,4955495689.89
2017-11-30,002230,42.53538222,43.78411539,42.17579937,43.05841182,49168173,3224357906.25
2017-12-01,002230,43.13686626,45.6343326,42.3653976,44.94131838,69756065,4767738902.25
2017-12-04,002230,45.07861365,45.07861365,43.38530532,44.31368286,53513710,3615470266.35
2017-12-05,002230,43.803729,44.1960012,40.2079005,41.06436147,80418484,5156124904.35
2017-12-06,002230,41.14281591,42.18233724,39.7502496,41.842368,63480585,3984800169.05
2017-12-07,002230,41.09051295,41.2539597,39.95292357,39.98561292,46435390,2878759566.8
2017-12-08,002230,40.33212003,41.03167212,39.5541135,39.5541135,44000140,2717264897.01
2017-12-11,002230,39.52142415,41.188581,39.23375787,40.61978631,56184612,3476842158.43
2017-12-12,002230,40.7963088,41.31280053,40.24712772,40.46287743,43473602,2706054805.85
2017-12-13,002230,40.51518039,40.78977093,40.0117644,40.77015732,33117102,2050636737.21
2017-12-14,002230,40.534794,40.72439223,39.52796202,39.74371173,43032673,2631685673.89
2017-12-15,002230,40.51518039,41.09051295,39.74371173,40.0117644,43846988,2715095971.18
2017-12-18,002230,40.87476324,41.09705082,38.29884246,38.39691051,55488485,3331239949.27
2017-12-19,002230,38.40344838,39.07684899,38.2465395,39.01800816,30656401,1815896710.45
2017-12-20,002230,39.16837917,40.56748335,38.5080543,40.2079005,46780320,2837125085.48
2017-12-21,002230,39.881007,40.82246028,39.78293895,40.39749873,38565789,2382536279.83
2017-12-22,002230,40.39096086,41.11666443,40.15559754,40.37788512,26905448,1671151568.4
2017-12-25,002230,40.2079005,40.71785436,39.14876556,40.48249104,37679069,2297310497.38
2017-12-26,002230,40.48249104,40.52171826,39.8156283,40.12944606,20598762,1267304271.93
2017-12-27,002230,40.0771431,40.43018808,38.93301585,38.99185668,30911816,1867201459.8
2017-12-28,002230,38.56689513,39.45604545,38.33153181,38.45575134,26782048,1588683393.98
2017-12-29,002230,38.9657052,39.35143953,38.57997087,38.66496318,18112087,1079138393.1
2018-01-02,002230,39.22722,39.77640108,38.5080543,39.59987859,33190393,1995572724.94
2018-01-03,002230,39.62603007,40.9270662,39.33836379,40.534794,42916975,2645559867.32
2018-01-04,002230,40.73746797,41.56777746,40.27981707,41.14935378,40147181,2514017144.99
2018-01-05,002230,41.22780822,41.55470172,40.4040366,40.50210465,29807177,1863274179.64
2018-01-08,002230,40.54786974,40.6655514,39.36451527,40.05099162,29229586,1781712926.93
2018-01-09,002230,40.0117644,40.52171826,39.67179516,40.22751411,24051903,1476315388.78
2018-01-10,002230,40.39096086,40.39096086,39.01147029,39.46912119,28283717,1710271060.39
2018-01-11,002230,39.5541135,43.41799467,39.02454603,43.41799467,91027518,5843526858.31
2018-01-12,002230,43.7383503,44.0652438,42.3000189,42.37847334,60775978,3997912320.32
2018-01-15,002230,42.5615337,43.31338875,41.75737569,42.50269287,51980645,3388013363.38
2018-01-16,002230,42.74459406,43.45068402,42.47654139,43.23493431,48367757,3181501836.72
2018-01-17,002230,42.9538059,42.98649525,39.27952296,40.24058985,66549074,4153711208.4
2018-01-18,002230,40.49556678,40.80284667,39.80255256,40.12290819,25971882,1598396710.79
2018-01-19,002230,40.4040366,40.78977093,39.82216617,40.31250642,22364059,1381227393.68
2018-01-22,002230,40.35173364,41.10358869,38.57997087,40.48902891,32090065,1964942945.78
2018-01-23,002230,40.48902891,41.03167212,40.1425218,40.22097624,22212270,1375177003.67
2018-01-24,002230,40.1425218,40.98590703,39.34490166,40.89437685,40195675,2481935867.86
2018-01-25,002230,40.9924449,40.9924449,39.7502496,39.84831765,35765711,2202149454.46
2018-01-26,002230,39.23375787,40.20136263,39.10300047,39.36451527,26283943,1589539551.24
2018-01-29,002230,39.63256794,40.08368097,38.7041904,39.28606083,27418232,1651851560.89
2018-01-30,002230,39.10300047,39.7502496,38.90686437,39.2925987,17613317,1060533776.29
2018-01-31,002230,38.9657052,39.20106852,35.6967702,35.93213352,56357102,3179652365.97
2018-02-01,002230,35.94520926,36.40939803,33.77463642,34.26497667,38918412,2082090064.11
2018-02-02,002230,34.35650685,35.14758912,33.55888671,34.48726425,27786613,1465109345.46
2018-02-05,002230,33.343137,34.04922696,33.0162435,33.40197783,22418951,1151544651.74
2018-02-06,002230,32.035563,32.6239713,30.2703381,30.39455763,49675542,2388403413.0
2018-02-07,002230,31.30332156,31.5125334,29.9434446,30.62338308,33006407,1562558201.31
2018-02-08,002230,30.727989,32.8201074,30.62338308,32.05517661,35202801,1717185465.07
2018-02-09,002230,30.74106474,32.21862336,30.38148189,31.00257954,32240114,1539069698.76
2018-02-12,002230,31.9048056,33.13392516,31.49945766,32.54551686,33394923,1652115126.62
2018-02-13,002230,33.03585711,33.16007664,32.3624565,32.61743343,25340508,1268950081.86
2018-02-14,002230,32.68935,32.95740267,32.53244112,32.65666065,15597001,780719698.43
2018-02-22,002230,33.13392516,35.54639919,32.77434231,35.1083619,37748573,1986661420.81
2018-02-23,002230,34.9776045,35.21296782,34.33035537,34.8468471,23722137,1260404931.61
2018-02-26,002230,35.1737406,36.58592052,35.1737406,35.64446724,41329885,2279329017.3
2018-02-27,002230,35.99097435,36.72321579,35.65100511,36.01712583,31553235,1748857753.99
2018-02-28,002230,36.2851785,36.7428294,35.77522464,36.08250453,29270399,1622274834.18
2018-03-01,002230,35.7621489,37.42930575,35.6313915,37.11548799,43237150,2424362959.92
2018-03-02,002230,36.7428294,37.37700279,36.33094359,36.33094359,27266726,1532399588.92
2018-03-05,002230,37.12202586,37.23970752,36.3505572,36.92588976,28793707,1620064970.91
2018-03-06,002230,37.11548799,39.19453065,36.92588976,37.93272174,54474450,3176176026.75
2018-03-07,002230,37.8542673,38.24000163,37.3312377,37.67120694,28372043,1637562456.87
2018-03-08,002230,37.74312351,38.22692589,36.99780633,37.39007853,27256351,1566044686.3
2018-03-09,002230,37.42930575,38.46882708,37.09587438,37.99810044,34876599,2022939021.88
2018-03-12,002230,39.41028036,40.7309301,39.17491704,39.4887348,54841503,3345040508.15
2018-03-13,002230,39.35143953,40.63939992,38.90686437,39.881007,47893112,2924689326.54
2018-03-14,002230,39.5541135,41.63315616,39.32528805,40.534794,59232439,3689696531.06
2018-03-15,002230,40.534794,40.77669519,39.18799278,40.43672595,43838437,2679161456.61
2018-03-16,002230,40.39096086,41.42394432,40.12944606,40.2079005,36459046,2277281621.18
2018-03-19,002230,40.35173364,41.59392894,40.01830227,41.22127035,48283944,3033986728.31
2018-03-20,002230,40.65247566,41.0578236,39.93330996,40.26674133,35432244,2188664979.93
2018-03-21,002230,40.31904429,40.59363483,38.52113004,38.56689513,44790620,2710539333.42
2018-03-22,002230,38.80225845,39.06377325,38.30538033,38.49497856,28938261,1713673897.25
2018-03-23,002230,36.44862525,37.56006315,34.86646071,35.44833114,58406929,3239370236.58
2018-03-26,002230,35.1083619,37.39007853,34.8468471,37.3312377,48077993,2673475081.49
2018-03-27,002230,37.83465369,39.41681823,37.83465369,39.24029574,50825487,3009271183.07
2018-03-28,002230,38.49497856,39.1618413,38.35114542,38.56689513,27615833,1633189130.95
2018-03-29,002230,39.4233561,39.6194922,37.88695665,38.63227383,30165253,1787031110.71
2018-03-30,002230,39.01800816,40.08368097,39.01800816,39.76986321,40813227,2469701432.04
2018-04-02,002230,40.534794,40.6655514,39.3579774,39.70448451,40737837,2492557038.09
2018-04-03,002230,38.9657052,38.9657052,38.3772969,38.74995549,29820333,1761698415.32
2018-04-04,002230,38.9003265,39.01147029,37.18740456,37.31816196,39698509,2295038983.77
2018-04-09,002230,37.31816196,37.89349452,36.40939803,37.44891936,24947007,1421998471.69
2018-04-10,002230,37.5273738,37.919646,36.88012467,37.89349452,25969190,1489114849.48
2018-04-11,002230,37.919646,38.47536495,37.7235099,37.91310813,21318398,1243811872.52
2018-04-12,002230,37.76927499,38.0504034,36.97819272,37.08933651,20510055,1172333927.15
2018-04-13,002230,37.6581312,38.06347914,37.20701817,37.22663178,20112520,1156883554.18
2018-04-16,002230,36.8082081,37.4619951,36.63168561,37.34431344,19159107,1085179587.16
2018-04-17,002230,37.55352528,37.88695665,35.2391193,35.83406547,33791044,1884999394.76
2018-04-18,002230,36.46823886,37.71043416,35.304498,37.42930575,37120254,2085462762.71
2018-04-19,002230,37.45545723,38.7041904,37.265859,37.7888886,37898870,2209572223.65
2018-04-20,002230,37.7235099,38.1157821,36.53361756,36.72321579,28925392,1647610130.07
2018-04-23,002230,37.19394243,38.51459217,36.99780633,38.10270636,39919234,2306769330.77
2018-04-24,002230,36.4159359,37.62544185,35.958285,37.59929037,47121255,2658662803.69
2018-04-25,002230,37.5273738,38.03732766,37.0043442,37.63851759,31418870,1808388059.02
2018-04-26,002230,37.5927525,37.5927525,35.87983056,35.92559565,37156103,2077955242.39
2018-04-27,002230,36.20672406,36.40939803,33.84001512,34.50687786,35126719,1877397982.75
2018-05-02,002230,34.650711,35.21950569,34.53302934,34.8468471,16465192,876618590.52
2018-05-03,002230,34.9122258,35.61831576,33.97077252,35.41564179,22852458,1220344156.03
2018-05-04,002230,35.65754298,36.13480749,35.38949031,35.4352554,18785406,1025782725.75
2018-05-07,002230,36.18711045,36.46170099,35.70984594,36.25248915,23738784,1314348232.49
2018-05-08,002230,36.3505572,36.90627615,35.99751222,36.85397319,25179097,1406551783.5
2018-05-09,002230,36.72321579,36.72321579,36.21326193,36.4159359,19263622,1073707702.27
2018-05-10,002230,36.44208738,36.6774507,36.17403471,36.48785247,15606016,869491040.79
2018-05-11,002230,36.62514774,36.79513236,36.2197998,36.2197998,14522230,810998858.26
2018-05-14,002230,36.6422145,38.65606275,36.4457415,37.71299235,66507013,2559903108.46
2018-05-15,002230,37.96840725,38.10593835,36.6422145,37.83087615,41643393,1586499208.62
2018-05-16,002230,37.3495173,37.5852849,37.08427875,37.32987,27631685,1049517214.9
2018-05-17,002230,37.32987,37.88981805,36.9565713,37.10392605,26153564,996228378.36
2018-05-18,002230,37.14322065,37.3888119,35.86614615,36.5046834,35258801,1305189302.38
2018-05-21,002230,36.9762186,37.57546125,36.94674765,37.3102227,33961628,1288534303.93
2018-05-22,002230,37.49687205,37.49687205,36.78956925,37.2316335,21617068,817769641.71
2018-05-23,002230,37.2119862,37.2709281,36.69133275,36.740451,23004927,864566284.35
2018-05-24,002230,36.8386875,37.08427875,36.5636253,36.59309625,17397135,651424636.87
2018-05-25,002230,36.543978,36.86815845,35.47320015,35.76790965,30093633,1104885079.01
2018-05-28,002230,35.65002585,36.4457415,35.2669035,36.0331482,21184637,776046128.95
2018-05-29,002230,36.0331482,36.49485975,35.80720425,35.9152644,16731669,615690907.69
2018-05-30,002230,35.2472562,35.29637445,34.15683105,34.2648912,29896594,1057597798.56
2018-05-31,002230,35.02131225,35.90544075,34.64801355,35.57143665,31555478,1134356036.89
2018-06-01,002230,35.37496365,38.5872972,35.1883143,36.98604225,65259064,2473080900.2
2018-06-04,002230,37.30039905,37.7031687,36.6618618,37.04498415,34570214,1307995345.06
2018-06-05,002230,37.32004635,37.57546125,36.8386875,37.51651935,37311997,1416369534.9
2018-06-06,002230,37.57546125,37.7817579,37.0155132,37.2316335,28799472,1094268866.07
2018-06-07,002230,37.133397,37.37898825,36.347505,36.4850361,28932912,1082593656.39
2018-06-08,002230,36.4653888,36.4850361,35.51249475,35.82685155,26820593,980524243.96
2018-06-11,002230,35.82685155,36.151032,35.43390555,35.6794968,17453934,634630371.39
2018-06-12,002230,35.86614615,36.151032,35.1883143,36.14120835,20359209,740786461.73
2018-06-13,002230,35.8563225,35.9938536,34.972194,35.00166495,23480840,846923074.96
2018-06-14,002230,35.08025415,35.61073125,34.8936048,34.98201765,16146778,578925185.46
2018-06-15,002230,35.35531635,35.35531635,34.6578372,34.88378115,19978749,711224846.02
2018-06-19,002230,34.76589735,34.76589735,31.3963854,31.3963854,57627485,1909454583.34
2018-06-20,002230,31.43568,31.8875679,29.8442487,31.43568,51285273,1613039821.32
2018-06-21,002230,31.4553273,31.60268205,29.9621325,29.97195615,36686187,1145457261.65
2018-06-22,002230,29.47095,30.54172785,29.02888575,30.30596025,27394222,839421546.3
2018-06-25,002230,30.75784815,30.83643735,29.85407235,29.863896,22204661,685111878.25
2018-06-26,002230,29.078004,31.042734,28.9797675,30.7480245,34356127,1059670661.06
2018-06-27,002230,30.83643735,30.83643735,30.0407217,30.22737105,22300327,690159578.71
2018-06-28,002230,30.18807645,30.81679005,29.7460122,29.83442505,21019641,648530203.07
2018-06-29,002230,30.060369,31.58303475,29.87371965,31.50444555,39071216,1229962453.7
2018-07-02,002230,31.7107422,32.221572,30.69890625,31.3177962,36612107,1176044848.76
2018-07-03,002230,31.239207,32.7913437,30.9641448,32.27069025,43448157,1409745491.49
2018-07-04,002230,32.17245375,32.32963215,31.28832525,31.3767381,28405865,917961504.97
2018-07-05,002230,31.22938335,31.5928584,30.22737105,30.30596025,25102585,789411110.92
2018-07-06,002230,30.60066975,31.36691445,29.9621325,30.4926096,29964171,935139722.24
2018-07-09,002230,30.93467385,31.5339165,30.7480245,31.38656175,28575036,909854916.83
2018-07-10,002230,31.3374435,31.52409285,31.0230867,31.4553273,22100138,703737541.58
2018-07-11,002230,30.846261,31.1016759,30.3157839,30.71855355,25671156,801386586.39
2018-07-12,002230,30.9052029,32.418045,30.89537925,32.03492265,47215603,1532055438.44
2018-07-13,002230,32.03492265,32.1822774,31.72056585,32.0643936,25227005,821446105.03
2018-07-16,002230,32.3198085,32.5555761,31.7893314,32.0447463,20469632,667995909.73
2018-07-17,002230,32.21174835,32.21174835,31.0820286,31.5732111,26315004,842081451.34
2018-07-18,002230,31.74021315,31.8089787,31.09185225,31.1409705,20335317,650771914.93
2018-07-19,002230,31.239207,31.28832525,30.3550785,30.4729623,22846388,714175652.96
2018-07-20,002230,30.44349135,31.239207,30.3157839,31.05255765,23901516,752037210.17
2018-07-23,002230,31.0034394,31.9072152,30.79714275,31.828626,31275222,1003683588.51
2018-07-24,002230,32.03492265,32.5752234,31.6518003,32.3198085,44011975,1445287735.92
2018-07-25,002230,32.5162815,32.95834575,31.9072152,32.1036882,33643604,1108697449.2
2018-07-26,002230,32.09386455,32.30998485,31.46515095,31.7303895,22235128,718874174.32
2018-07-27,002230,31.8089787,31.91703885,31.26867795,31.43568,16051150,515031626.18
2018-07-30,002230,31.4160327,32.0643936,31.22938335,31.66162395,24512613,790950153.93
2018-07-31,002230,31.5535638,31.58303475,30.50243325,30.85608465,22328766,707089245.81
2018-08-01,002230,30.8659083,31.5339165,30.5515515,30.5711988,18830252,595640490.95
2018-08-02,002230,30.56137515,30.63996435,28.488585,29.36288985,38263763,1142220419.79
2018-08-03,002230,29.34324255,29.42183175,28.49840865,28.61629245,20089574,590201604.97
2018-08-06,002230,28.49840865,28.5082323,26.7989172,27.12309765,32513799,908628894.51
2018-08-07,002230,27.1722159,27.75181125,26.45508945,27.75181125,35870231,994369813.36
2018-08-08,002230,27.309747,27.6044565,26.63191515,26.6613861,24807891,685040904.15
2018-08-09,002230,26.74979895,28.61629245,26.6220915,27.94828425,43360198,1230511371.01
2018-08-10,002230,27.9974025,29.77548315,27.81075315,29.53971555,55764369,1647859821.26
2018-08-13,002230,29.1762405,30.34525485,28.881531,30.1979001,51939642,1571874070.02
2018-08-14,002230,30.0996636,30.0996636,29.4316554,29.5888338,30312234,914872790.4
2018-08-15,002230,29.5888338,29.71654125,28.77347085,28.89135465,33001909,978334517.87
2018-08-16,002230,28.3117593,29.42183175,28.2331701,28.85206005,28662716,847022533.7
2018-08-17,002230,29.1565932,29.36288985,28.10546265,28.292112,23977820,699100326.77
2018-08-20,002230,27.9974025,28.9797675,27.8009295,28.9797675,23359368,677278962.02
2018-08-21,002230,29.078004,29.65759935,28.85206005,29.3727135,31167470,930532453.22
2018-08-22,002230,29.2941243,29.30394795,28.00722615,28.3117593,30332184,882363486.0
2018-08-23,002230,28.30193565,29.0583567,28.24299375,28.685058,24901507,729037090.16
2018-08-24,002230,28.69488165,29.26465335,28.55735055,28.6457634,24356362,717135302.29
2018-08-27,002230,28.881531,29.667423,28.7439999,29.65759935,36289824,1084640611.25
2018-08-28,002230,29.97195615,30.060369,29.2351824,29.4120081,28090590,844891494.74
2018-08-29,002230,29.4120081,31.77950775,29.24500605,31.3374435,81350373,2551848264.72
2018-08-30,002230,31.30797255,31.7107422,30.95432115,31.4553273,54531419,1740569040.74
2018-08-31,002230,31.2195597,31.239207,30.3354312,30.69890625,42554744,1329682898.66
2018-09-03,002230,30.453315,31.042734,29.91301425,30.99361575,32324225,1007642888.14
2018-09-04,002230,30.7480245,31.58303475,30.3550785,31.2785016,38627926,1217199525.98
2018-09-05,002230,31.042734,31.68127125,30.62031705,30.67925895,37515414,1192690811.44
2018-09-06,002230,30.46313865,31.52409285,30.36490215,31.07220495,39076032,1238569850.06
2018-09-07,002230,31.07220495,31.7696841,29.9621325,30.32560755,45992317,1449131555.96
2018-09-10,002230,30.256842,30.256842,28.40017215,28.6064688,38945549,1155323862.93
2018-09-11,002230,28.685058,29.24500605,28.3903485,28.89135465,19381592,569323087.63
2018-09-12,002230,29.0583567,29.2548297,28.57699785,28.7047053,17630696,519479285.95
2018-09-13,002230,29.3137716,29.44147905,28.4296431,29.1762405,21815048,643894163.99
2018-09-14,002230,29.22535875,29.7656595,28.89135465,28.93064925,25175921,751649536.02
2018-09-17,002230,28.93064925,29.30394795,28.40017215,29.14676955,24977151,734724355.1
2018-09-18,002230,28.8618837,29.30394795,28.47876135,29.2351824,28296784,833951599.76
2018-09-19,002230,29.1565932,29.9228379,28.89135465,29.7656595,33386281,1003279712.87
2018-09-20,002230,29.7656595,30.03089805,29.3727135,29.4120081,19983159,602168421.54
2018-09-21,002230,29.47095,29.8246014,29.14676955,29.5691865,27830287,837388406.81
2018-09-25,002230,28.292112,28.7636472,27.61428015,28.41981945,39462677,1137008007.0
2018-09-26,002230,28.6064688,28.8618837,28.32158295,28.4492904,25282966,734837493.84
2018-09-27,002230,28.6457634,28.83241275,27.73216395,27.77145855,26062720,750851916.49
2018-09-28,002230,27.9974025,28.14475725,27.71251665,28.06616805,21198327,602818235.35
2018-10-08,002230,27.3883362,27.5651619,26.523855,26.5631496,27025290,743980264.51
2018-10-09,002230,26.8185645,27.0346848,26.5042077,26.67120975,14831419,403223848.57
2018-10-10,002230,26.69085705,26.86768275,25.6986684,26.4256185,21632270,578272061.32
2018-10-11,002230,25.345017,25.345017,23.78305665,23.78305665,42674642,1059543216.8
2018-10-12,002230,23.2624032,23.2624032,21.44502795,22.70245515,56812692,1296729389.66
2018-10-15,002230,22.594395,23.03645925,22.05409425,22.1621544,33202799,760852036.73
2018-10-16,002230,21.9656814,22.1032125,19.9420095,19.9420095,66844435,1411635136.55
2018-10-17,002230,20.1974244,20.87525625,19.450827,20.56089945,65912367,1357173138.6
2018-10-18,002230,20.1384825,20.87525625,20.0598933,20.4135447,43143250,901799476.16
2018-10-19,002230,20.1384825,21.16996575,19.99112775,21.0029637,47374606,999855261.45
2018-10-22,002230,21.415557,23.1052248,21.03243465,23.1052248,70306229,1594728423.31
2018-10-23,002230,23.1641667,23.6553492,22.52562945,22.87928085,56517895,1323147604.71
2018-10-24,002230,22.5354531,22.8498099,21.95585775,22.36845105,40099071,911941711.43
2018-10-25,002230,21.28784955,22.05409425,20.9243745,21.808503,38514293,839734407.83
2018-10-26,002230,22.1032125,22.36845105,21.6906192,21.808503,24442818,547558061.2
2018-10-29,002230,21.85762125,22.201449,21.415557,21.56291175,23127633,514220226.52
2018-10-30,002230,21.3566151,22.1818017,20.629665,21.8477976,32479613,711779185.27
2018-10-31,002230,22.004976,22.3782747,21.8870922,22.17197805,27817595,626792012.96
2018-11-01,002230,23.97952965,24.39212295,23.58658365,23.9107641,113222664,2785199656.84
2018-11-02,002230,24.39212295,24.5001831,23.94023505,24.31353375,85645606,2116054587.71
2018-11-05,002230,24.3037101,24.92260005,23.969706,24.49035945,57192420,1422664457.78
2018-11-06,002230,24.4608885,24.4608885,23.1641667,23.773233,46382116,1117418913.15
2018-11-07,002230,24.0875898,24.21529725,23.50799445,23.5374654,31458552,764672134.22
2018-11-08,002230,23.7339384,23.82235125,23.23293225,23.3016978,28091389,672015076.65
2018-11-09,002230,23.2427559,23.57676,23.09540115,23.3213451,20027801,475299848.35
2018-11-12,002230,23.0659302,23.9500587,22.9676937,23.8911168,30278583,727769084.08
2018-11-13,002230,23.57676,24.3037101,23.42940525,24.0679425,36741091,896697079.11
2018-11-14,002230,24.15635535,24.31353375,23.82235125,23.86164585,28396350,695153848.3
2018-11-15,002230,24.0679425,25.2074859,24.0679425,24.94224735,57415995,1446790407.63
2018-11-16,002230,24.755598,25.4432535,24.52965405,25.06013115,52990413,1352097490.09
2018-11-19,002230,25.0306602,25.33519335,24.47071215,24.98154195,41146195,1043213087.65
2018-11-20,002230,24.98154195,25.6790211,24.2644155,24.31353375,49665427,1262639242.12
2018-11-21,002230,23.76340935,24.5001831,23.68482015,24.4608885,28451352,697600253.12
2018-11-22,002230,24.72612705,25.6200792,24.6770088,25.345017,55591626,1429666238.86
2018-11-23,002230,25.345017,25.345017,23.9107641,24.362652,44714324,1119232516.51
2018-11-26,002230,24.362652,24.80471625,23.95988235,24.31353375,21149021,525145123.63
2018-11-27,002230,24.66718515,25.27625145,24.45106485,24.70647975,34545696,873822119.13
2018-11-28,002230,24.6966561,24.8538345,24.0286479,24.64753785,28464322,708172429.84
2018-11-29,002230,24.8931291,25.0896021,24.0286479,24.0482952,25767067,645006118.47
2018-11-30,002230,23.82235125,24.21529725,23.5178181,24.1858263,22564770,549543500.06
2018-12-03,002230,25.33519335,25.345017,24.72612705,24.90295275,34439448,876175540.56
2018-12-04,002230,24.90295275,25.04048385,24.5394777,24.8538345,25421737,640930245.13
2018-12-05,002230,24.54930135,24.96189465,24.362652,24.755598,20517220,515666455.69
2018-12-06,002230,24.5787723,24.64753785,24.01882425,24.0679425,22564720,557688520.23
2018-12-07,002230,24.166179,24.4215939,23.97952965,24.0482952,11648738,286432740.87
2018-12-10,002230,23.773233,24.21529725,23.58658365,23.8911168,13411848,326977582.98
2018-12-11,002230,24.15635535,24.15635535,23.78305665,24.0090006,10371234,252643632.14
2018-12-12,002230,24.1268844,24.166179,23.86164585,23.8911168,10826642,264360435.79
2018-12-13,002230,23.969706,24.3430047,23.90094045,24.2251209,19277032,474720745.47
2018-12-14,002230,24.1072371,25.29589875,24.0679425,24.3037101,53368007,1347434292.1
2018-12-17,002230,24.166179,24.5198304,23.6749965,24.1072371,24623340,604103954.29
2018-12-18,002230,23.969706,24.3430047,23.72411475,24.13670805,17736931,433024199.13
2018-12-19,002230,24.166179,24.19564995,23.60623095,23.62587825,15214645,370064168.55
2018-12-20,002230,23.4785235,23.7535857,22.7122788,23.1641667,25787234,610652708.31
2018-12-21,002230,23.07575385,23.183814,22.5747477,22.83998625,19689011,457114159.11
2018-12-24,002230,22.82033895,23.4588762,22.64351325,23.31152145,17096076,404132802.69
2018-12-25,002230,23.0855775,23.48834715,22.64351325,23.48834715,20926235,491673871.78
2018-12-26,002230,23.42940525,24.03847155,23.40975795,23.52764175,18585740,448775243.51
2018-12-27,002230,24.05811885,24.66718515,23.8714695,23.9893533,42540534,1053556554.46
2018-12-28,002230,24.2644155,24.559125,24.01882425,24.2054736,23586480,583309657.79
2019-01-02,002230,24.19564995,24.90295275,24.17600265,24.5984196,32894190,825663125.49
2019-01-03,002230,24.5394777,25.39413525,24.4412412,24.9913656,41748458,1061823704.42
2019-01-04,002230,24.7163034,26.9757429,24.56894865,26.65156245,68481699,1806189458.52
2019-01-07,002230,27.00521385,29.0583567,26.720328,28.75382355,81114177,2326280208.93
2019-01-08,002230,28.87170735,29.3530662,28.095639,28.5082323,57752434,1679222947.79
2019-01-09,002230,28.5082323,29.06818035,28.1938755,28.47876135,46291799,1352046131.63
2019-01-10,002230,28.3707012,29.7460122,28.2135228,28.7439999,52383143,1550673208.38
2019-01-11,002230,28.69488165,29.2548297,27.9974025,28.45911405,45825202,1331533380.55
2019-01-14,002230,28.881531,29.1172986,28.40017215,28.61629245,27556902,805165543.25
2019-01-15,002230,28.8422364,28.8618837,27.8009295,28.63593975,42017934,1211343351.17
2019-01-16,002230,28.5082323,29.6477757,28.1938755,28.28228835,52064865,1530768184.03
2019-01-17,002230,27.8009295,28.24299375,27.22133415,27.35886525,46366608,1301249266.17
2019-01-18,002230,27.63392745,27.85004775,27.1525686,27.63392745,30546454,858065242.57
2019-01-21,002230,27.90898965,28.45911405,27.59463285,27.94828425,29891527,852948365.53
2019-01-22,002230,27.9777552,28.3707012,27.4276308,27.6633984,21904519,621237604.37
2019-01-23,002230,27.6241038,28.0170498,27.29992335,27.8795187,19320703,546411710.03
2019-01-24,002230,27.94828425,28.4099958,27.3293943,28.2724647,43413500,1238689102.62
2019-01-25,002230,28.095639,28.34123025,27.55533825,27.702693,31385296,893578900.34
2019-01-28,002230,28.14475725,29.02888575,27.899166,28.34123025,42267583,1225596915.98
2019-01-29,002230,28.292112,28.6261161,27.69286935,28.43946675,24975935,717880606.48
2019-01-30,002230,28.36087755,28.36087755,25.6397265,25.934436,56227966,1544594819.41
2019-01-31,002230,26.523855,27.35886525,26.5042077,26.80874085,46567153,1278858671.74
2019-02-01,002230,27.31957065,28.0170498,26.8971537,27.9974025,29784622,835509163.53
2019-02-11,002230,28.3707012,29.02888575,28.3314066,28.77347085,33386289,977390207.92
2019-02-12,002230,29.078004,29.34324255,28.685058,28.8422364,34198771,1007994809.03
2019-02-13,002230,29.0387094,30.5319042,28.89135465,30.3550785,65381688,1984912103.46
2019-02-14,002230,30.36490215,30.42384405,29.61830475,29.9228379,42319086,1287020269.41
2019-02-15,002230,30.01125075,30.24701835,29.5495392,29.6281284,30399791,922816009.04
2019-02-18,002230,30.18807645,30.8266137,29.8835433,30.8069664,49523409,1535235736.86
2019-02-19,002230,30.7480245,31.0034394,29.83442505,30.22737105,57675817,1780945720.99
2019-02-20,002230,30.256842,30.256842,29.1958878,29.83442505,40137205,1212543264.7
2019-02-21,002230,29.8442487,30.3354312,29.3530662,29.5102446,44227664,1345834081.78
2019-02-22,002230,29.50042095,30.3550785,29.1958878,30.14878185,48050037,1457650715.56
2019-02-25,002230,31.6910949,33.07622955,30.9052029,32.56539975,100029366,3256737128.94
2019-02-26,002230,32.5948707,35.82685155,32.025099,35.43390555,133319918,4677388782.55
2019-02-27,002230,35.561613,38.43994245,34.775721,36.1117374,142704066,5303459497.24
2019-02-28,002230,35.954559,35.954559,34.58907165,35.08025415,63083153,2257208009.79
2019-03-01,002230,35.36514,35.5419657,34.2845385,35.19813795,54181635,1921800433.03
2019-03-04,002230,36.6422145,37.32987,35.72861505,36.21979755,95258165,3547937768.08
2019-03-05,002230,36.2296212,38.30241135,35.84649885,38.16488025,100839324,3829845659.15
2019-03-06,002230,38.5283553,38.8820067,36.740451,37.57546125,90558605,3455799036.56
2019-03-07,002230,38.7837702,38.7837702,36.6422145,37.32004635,99160241,3791785654.01
2019-03-08,002230,35.8563225,40.05102105,35.21778525,37.18251525,137901785,5333822540.0
2019-03-11,002230,38.115762,39.2749527,37.5459903,38.75429925,99323200,3890041934.45
2019-03-12,002230,38.81324115,39.18653985,37.7031687,38.49888435,116410507,4534145501.33
2019-03-13,002230,38.4497661,38.4497661,35.2669035,35.8366752,116087712,4342423410.17
2019-03-14,002230,35.53214205,35.6794968,34.3041858,35.1883143,71219095,2530072770.02
2019-03-15,002230,35.35531635,35.9152644,35.0704305,35.36514,43900287,1586728165.47
2019-03-18,002230,34.62836625,35.758086,34.1470074,35.65002585,59309028,2114203557.19
2019-03-19,002230,35.7187914,37.18251525,35.7187914,36.5636253,65750332,2450768028.87
2019-03-20,002230,36.92710035,36.936924,35.37496365,36.1706793,50319282,1845384887.47
2019-03-21,002230,35.9938536,36.49485975,35.72861505,36.2296212,45558373,1680444242.32
2019-03-22,002230,35.98402995,36.20015025,35.08025415,35.76790965,39828471,1446325715.77
2019-03-25,002230,34.92307575,36.2885631,34.72660275,35.29637445,44394456,1607144484.47
2019-03-26,002230,35.3258454,35.74826235,34.382775,34.5399534,39142717,1396124546.97
2019-03-27,002230,34.8739575,35.0311359,33.60670665,34.2255966,35841715,1249321319.13
2019-03-28,002230,34.2255966,35.4633765,33.793356,34.56942435,41461883,1473109132.85
2019-03-29,002230,34.579248,35.8170279,33.96035805,35.65002585,49652627,1774593105.85
2019-04-01,002230,36.151032,36.8386875,36.151032,36.73062735,58393964,2171757481.77
2019-04-02,002230,36.69133275,38.115762,36.3278577,37.16286795,79523721,3011288729.33
2019-04-03,002230,36.6422145,36.94674765,36.21979755,36.75027465,44012729,1641319491.84
2019-04-04,002230,36.9958659,37.6835214,36.47521245,36.6422145,46380396,1745992263.38
2019-04-08,002230,36.740451,36.90745305,35.06060685,35.53214205,58709317,2140001272.13
2019-04-09,002230,35.4240819,36.1313847,35.08025415,35.561613,28656749,1037776903.14
2019-04-10,002230,35.61073125,35.9938536,35.2472562,35.3847873,30613112,1108430987.97
2019-04-11,002230,35.55178935,35.6402022,34.382775,34.39259865,40022957,1415363644.29
2019-04-12,002230,34.39259865,34.54977705,33.9505344,34.41224595,25158762,877376900.3
2019-04-15,002230,34.88378115,35.4633765,34.03894725,34.09788915,31311858,1105200783.99
2019-04-16,002230,33.9701817,34.72660275,33.25305525,34.6381899,38532248,1331011601.35
2019-04-17,002230,34.6774845,34.9132521,34.2648912,34.3434804,28382190,997327954.07
2019-04-18,002230,34.3238331,34.8936048,34.1470074,34.4810115,25232451,887457052.04
2019-04-19,002230,34.5006588,34.6971318,33.989829,34.382775,25465896,889435774.11
2019-04-22,002230,34.382775,34.45154055,33.40041,33.4789992,30133318,1038592339.49
2019-04-23,002230,33.596883,33.9505344,33.1646424,33.31199715,23094752,786881777.34
2019-04-24,002230,33.3611154,34.3631277,33.01728765,34.3434804,37147033,1279180304.06
2019-04-25,002230,34.186302,34.62836625,32.7520491,32.76187275,31404920,1074192009.66
2019-04-26,002230,32.418045,33.0860532,32.3983977,32.40822135,25872122,860372253.83
2019-04-29,002230,32.3983977,32.76187275,31.2785016,31.5339165,30668116,997747481.21
2019-04-30,002230,31.5142692,32.1036882,31.4160327,31.74021315,18412748,595719641.07
2019-05-06,002230,30.44349135,30.56137515,28.5671742,28.5671742,49093565,1464070468.83
2019-05-07,002230,28.6654107,28.9797675,28.292112,28.8422364,23571488,688265515.93
2019-05-08,002230,28.3707012,29.6281284,27.9974025,28.9601202,24983248,735689728.05
2019-05-09,002230,28.7832945,29.42183175,28.53770325,28.71452895,20121463,593688084.48
2019-05-10,002230,29.08782765,30.01125075,28.00722615,29.9817798,43316369,1300061319.93
2019-05-13,002230,29.46112635,29.6281284,29.1172986,29.3137716,25006183,748373042.69
2019-05-14,002230,28.9797675,29.7656595,28.8618837,29.1172986,19071437,569599914.68
2019-05-15,002230,29.2351824,29.47095,28.9601202,29.36288985,21571221,642725164.47
2019-05-16,002230,29.3727135,31.3177962,29.1762405,30.3550785,42614854,1311922959.36
2019-05-17,002230,30.26666565,30.9248502,29.26465335,29.30394795,31367838,959750277.15
2019-05-20,002230,29.30394795,30.10948725,28.9797675,29.75583585,23190316,698335685.63
2019-05-21,002230,30.0996636,31.2195597,29.667423,31.2195597,46185551,1444884640.46
2019-05-22,002230,31.239207,31.40620905,30.3354312,30.89537925,37593650,1181288380.89
2019-05-23,002230,29.274477,29.5691865,28.3707012,28.7243526,55456941,1635475961.55
2019-05-24,002230,28.685058,28.93064925,28.10546265,28.32158295,25632598,742101737.11
2019-05-27,002230,28.3707012,29.1762405,28.28228835,29.12712225,29499067,866740690.67
2019-05-28,002230,29.2155351,29.4316554,28.8029418,29.1369459,24245434,719548703.49
2019-05-29,002230,28.95029655,29.30394795,28.685058,28.9404729,15748958,464622021.65
2019-05-30,002230,28.81276545,28.8618837,28.1938755,28.40017215,19025731,550249818.08
2019-05-31,002230,28.5671742,29.00923845,28.43946675,28.5671742,16463464,481976599.19
2019-06-03,002230,28.96994385,28.9797675,28.41981945,28.6457634,17229702,503016696.33
2019-06-04,002230,28.6457634,28.93064925,28.095639,28.3117593,19427454,563891150.84
2019-06-05,002230,28.5671742,28.91100195,28.38052485,28.6261161,16267694,474311766.77
2019-06-06,002230,28.61629245,28.685058,27.4276308,27.59463285,26990314,765406032.81
2019-06-10,002230,27.6241038,28.1545809,27.50622,28.095639,15832531,449284711.72
2019-06-11,002230,28.1545809,29.14676955,27.702693,29.0583567,29580597,864735512.13
2019-06-12,002230,28.9797675,29.3530662,28.5475269,28.6457634,22110688,649705355.22
2019-06-13,002230,28.63593975,28.9797675,28.47876135,28.9208256,16932046,496021274.25
2019-06-14,002230,28.83241275,29.04853305,28.095639,28.12510995,17845805,518461306.13
2019-06-17,002230,28.1938755,28.7636472,28.095639,28.488585,13982074,404431182.98
2019-06-18,002230,28.59664515,30.14878185,28.5278796,30.05054535,58096916,1751205313.75
2019-06-19,002230,30.9641448,31.1802651,30.16842915,30.52208055,59366377,1853805958.78
2019-06-20,002230,30.3157839,31.15079415,30.0800163,30.77749545,37559550,1174830677.74
2019-06-21,002230,30.9837921,32.1036882,30.9837921,31.89739155,56199801,1809758486.1
2019-06-24,002230,31.5339165,31.97598075,31.28832525,31.4160327,31245966,1002909222.57
2019-06-25,002230,31.6714476,31.68127125,30.10948725,30.8659083,35582577,1115502727.13
2019-06-26,002230,30.8659083,33.3807627,30.7676718,32.5948707,69275471,2286667950.1
2019-06-27,002230,32.56539975,33.3807627,32.4376923,33.0664059,50872318,1705811963.96
2019-06-28,002230,33.007464,33.01728765,32.221572,32.6538126,32963237,1092965159.99
2019-07-01,002230,33.74423775,34.72660275,33.25305525,34.25506755,56715319,1968619794.96
2019-07-02,002230,34.13718375,34.6381899,33.96035805,34.21577295,32434803,1130927109.35
2019-07-03,002230,34.21577295,34.23542025,33.35129175,33.54776475,32295335,1104562153.48
2019-07-04,002230,33.6754722,34.19612565,33.1057005,33.3218208,27879605,953592815.23
2019-07-05,002230,33.4986465,34.0684182,33.17446605,33.66564855,24806648,851287954.2
2019-07-08,002230,33.4986465,33.96035805,32.418045,32.7913437,34177661,1151469120.0
2019-07-09,002230,32.9681694,33.0664059,32.19210105,32.7913437,21897224,728764278.1
2019-07-10,002230,32.93869845,33.17446605,32.27069025,32.418045,18606339,618176764.31
2019-07-11,002230,32.7913437,32.9878167,32.0054517,32.2019247,23985604,792503689.36
2019-07-12,002230,32.36892675,32.7324018,31.93668615,32.40822135,17883368,590192439.03
2019-07-15,002230,32.21174835,33.4593519,31.42585635,33.19411335,37711414,1257231474.86
2019-07-16,002230,32.91905115,33.2825262,32.7520491,32.9878167,18387466,616972767.14
2019-07-17,002230,33.2825262,33.4200573,32.810991,33.23340795,32072522,1082504683.05
2019-07-18,002230,32.9092275,33.0467586,31.42585635,31.44550365,41278560,1345785682.09
2019-07-19,002230,31.44550365,32.0447463,31.43568,31.68127125,20744246,670208625.41
2019-07-22,002230,31.83844965,32.9681694,30.7873191,32.05456995,30494756,999898759.01
2019-07-23,002230,31.6125057,32.50645785,31.50444555,32.1233355,22027563,720277804.27
2019-07-24,002230,32.36892675,33.2825262,32.23139565,33.05658225,37196943,1242041106.26
2019-07-25,002230,32.9092275,33.27270255,32.6538126,32.9878167,28819900,967647027.77
2019-07-26,002230,32.9878167,33.52811745,32.82081465,33.2235843,24916970,842182129.12
2019-07-29,002230,33.2825262,33.3218208,32.2412193,32.58504705,29150497,969430626.67
2019-07-30,002230,32.6734599,33.05658225,32.2805139,32.418045,24735115,822770150.84
2019-07-31,002230,32.3198085,32.6931072,32.07421725,32.27069025,17337286,571415054.4
2019-08-01,002230,32.2608666,32.2608666,31.5732111,31.8875679,20251600,656894017.38
2019-08-02,002230,31.1409705,31.60268205,30.79714275,31.4160327,24894173,791129157.3
2019-08-05,002230,31.26867795,31.9072152,31.03291035,31.05255765,19776331,632894348.6
2019-08-06,002230,30.256842,30.34525485,28.89135465,29.8835433,39303541,1187820098.78
2019-08-07,002230,30.05054535,30.1193109,29.38253715,29.3923608,20363521,616484411.31
2019-08-08,002230,29.48077365,29.93266155,29.47095,29.7460122,14240214,430128175.33
2019-08-09,002230,29.9621325,30.0407217,29.00923845,29.08782765,21335936,639714499.19
2019-08-12,002230,29.2351824,30.34525485,29.078004,30.34525485,24685587,749729744.99
2019-08-13,002230,30.08983995,30.30596025,29.67724665,29.99160345,13828716,421997881.06
2019-08-14,002230,30.5711988,31.0623813,30.32560755,30.36490215,24949097,780045482.07
2019-08-15,002230,29.47095,30.846261,29.32359525,30.649788,24182853,741630234.25
2019-08-16,002230,30.71855355,31.9858044,30.6104934,31.54374015,43815743,1401522260.27
2019-08-19,002230,31.87774425,32.76187275,31.632153,32.48681055,44834262,1475786377.71
2019-08-20,002230,32.5162815,32.9878167,32.1233355,32.1822774,28886649,955076037.58
2019-08-21,002230,32.025099,32.4769869,31.87774425,32.40822135,22470815,736910026.08
2019-08-22,002230,32.614518,32.86010925,31.48479825,31.79915505,38324630,1248282345.46
2019-08-23,002230,31.74021315,32.1626301,31.48479825,31.5535638,21234283,686441691.68
2019-08-26,002230,30.93467385,31.5535638,30.5908461,31.36691445,27200945,859193886.2
2019-08-27,002230,31.632153,33.39058635,31.52409285,33.3021735,76445052,2558201999.25
2019-08-28,002230,33.1253478,33.5575884,33.0664059,33.23340795,44772316,1519462933.57
2019-08-29,002230,33.41023365,33.4986465,32.810991,32.84046195,32593573,1098085610.22
2019-08-30,002230,33.29234985,33.7344141,32.2019247,32.3198085,46167599,1554333014.4
2019-09-02,002230,32.3591031,33.5772357,32.0447463,33.40041,43686705,1468234152.66
2019-09-03,002230,33.3414681,33.6558249,33.03693495,33.33164445,31885411,1083354592.54
2019-09-04,002230,33.3218208,34.0684182,33.203937,33.74423775,42036190,1438801441.66
2019-09-05,002230,33.9505344,34.96237035,33.6165303,34.13718375,72145275,2516970123.98
2019-09-06,002230,34.51048245,34.82483925,33.64600125,34.1470074,41279081,1435773944.13
2019-09-09,002230,34.4417169,35.43390555,34.15683105,35.36514,62661704,2234672875.22
2019-09-10,002230,35.2865508,35.36514,34.3434804,34.56942435,48041986,1695327188.46
2019-09-11,002230,34.775721,34.8739575,33.76388505,33.8130033,37402210,1303048894.98
2019-09-12,002230,34.01929995,34.3434804,33.60670665,33.9701817,27503367,950165858.04
2019-09-16,002230,34.07824185,34.5203061,33.99965265,34.11753645,25966911,905540195.17
2019-09-17,002230,33.8915925,33.9505344,32.4769869,32.78152005,49933481,1677419213.87
2019-09-18,002230,32.82081465,32.97799305,32.54575245,32.76187275,21711467,724107216.46
2019-09-19,002230,32.82081465,33.1646424,32.6734599,33.15481875,22867161,766420804.77
2019-09-20,002230,33.21376065,33.4593519,32.84046195,33.25305525,26133476,882152382.03
2019-09-23,002230,33.25305525,33.3611154,32.4769869,32.9288748,26114920,873994989.33
2019-09-24,002230,32.9092275,34.186302,32.80116735,33.9505344,49061900,1684942259.71
2019-09-25,002230,33.6558249,33.8522979,32.8306383,33.03693495,30076113,1016141711.92
2019-09-26,002230,33.03693495,33.2235843,31.7303895,31.8679206,31730080,1044596291.15
2019-09-27,002230,31.97598075,32.4966342,31.8875679,32.0643936,17337333,567265966.46
2019-09-30,002230,32.07421725,32.1233355,31.2981489,31.2981489,20763330,667961668.5
2019-10-08,002230,30.44349135,31.1409705,30.3354312,30.46313865,33378196,1041870175.08
2019-10-09,002230,30.453315,31.1016759,30.05054535,30.99361575,19720966,618797194.5
2019-10-10,002230,32.07421725,33.7540614,31.9858044,33.3807627,61602985,2054984836.63
2019-10-11,002230,33.40041,33.74423775,33.1253478,33.2825262,42885989,1459789602.97
2019-10-14,002230,33.989829,34.15683105,33.13517145,33.3414681,33838552,1154624003.17
2019-10-15,002230,33.31199715,33.31199715,32.44751595,32.5555761,25747019,859554094.98
2019-10-16,002230,32.66363625,35.4437292,32.66363625,34.4024223,87005717,3042367312.19
2019-10-17,002230,34.4024223,34.84448655,34.2452439,34.579248,41668596,1465337015.85
2019-10-18,002230,34.6774845,34.72660275,33.8719452,34.15683105,35870999,1249789936.15
2019-10-21,002230,34.0878854,34.56078092,33.54602595,34.15684933,35514379,1229548470.89
2019-10-22,002230,34.02877346,34.32433316,33.61498988,34.30462918,34443904,1190287302.56
2019-10-23,002230,34.1864053,34.25536923,33.35883814,33.3982461,31901497,1089639291.88
2019-10-24,002230,33.38839411,33.9893655,33.14209436,33.91054958,32547667,1113365659.66
2019-10-25,002230,33.94995754,33.94995754,32.22585929,32.81697869,58320084,1936018537.22
2019-10-28,002230,33.05342645,33.71350978,32.8071267,33.6938058,46125995,1554933453.72
2019-10-29,002230,33.48691401,33.48691401,32.511567,32.52141899,37351999,1245666683.85
2019-10-30,002230,32.16674735,32.77757073,32.1174874,32.53127098,18172756,599344121.57
2019-10-31,002230,32.59038292,32.84653466,32.42289909,32.60023491,17303073,573108406.85
2019-11-01,002230,32.60023491,33.28002222,32.56082695,33.02387048,23709365,794643469.4
2019-11-04,002230,33.15194635,33.54602595,32.85638665,33.18150232,24541742,828311002.57
2019-11-05,002230,33.28002222,33.68395381,33.1026864,33.52632197,27418144,931272738.81
2019-11-06,002230,33.40809809,33.45735804,32.79727471,32.93520257,21821504,733568585.87
2019-11-07,002230,32.72831078,33.26031824,32.72831078,32.98446252,14557565,487592991.41
2019-11-08,002230,33.35883814,34.54107694,33.18150232,33.9893655,63071250,2184278037.72
2019-11-11,002230,33.75291774,34.15684933,33.1026864,33.1026864,38741669,1318451609.8
2019-11-12,002230,33.01401849,33.15194635,32.0189675,32.54112297,30858648,1016555592.11
2019-11-13,002230,32.4130471,32.73816277,32.16674735,32.58053093,17036335,561278395.2
2019-11-14,002230,32.6100869,33.46721003,32.6100869,33.33913416,28149012,948230711.59
2019-11-15,002230,33.2012063,33.35883814,32.2160073,32.30467521,29449863,979062588.52
2019-11-18,002230,32.2160073,32.6100869,32.19630332,32.60023491,18199058,599171316.06
2019-11-19,002230,32.6100869,33.46721003,32.32437919,33.36869013,31856898,1072597910.41
2019-11-20,002230,33.2997262,33.5952859,32.75786675,32.87609063,24013570,808224401.9
2019-11-21,002230,32.74801476,33.2012063,32.42289909,33.0041665,16531069,551586098.53
2019-11-22,002230,32.91549859,34.68885679,32.91549859,33.57558192,74994302,2590578416.12
2019-11-25,002230,33.55587794,33.66424983,32.12733939,32.511567,46996928,1553849538.85
2019-11-26,002230,32.56082695,32.72831078,32.29482322,32.72831078,19945919,658612863.49
2019-11-27,002230,32.511567,32.92535058,32.36378715,32.74801476,16813186,558113196.52
2019-11-28,002230,32.60023491,32.96475854,32.39334312,32.54112297,13693641,453813032.76
2019-11-29,002230,32.28497123,32.76771874,32.24556327,32.47215904,14013116,461583920.33
2019-12-02,002230,32.47215904,32.9056466,32.37363914,32.47215904,16788242,555971529.17
2019-12-03,002230,32.27511924,32.3145272,31.60518392,32.17659934,23267134,754002663.2
2019-12-04,002230,32.09778342,32.09778342,31.39829213,31.57562795,30832613,989439773.83
2019-12-05,002230,31.57562795,31.99926352,31.54607198,31.90074362,27614756,889817347.0
2019-12-06,002230,31.80222372,31.96970755,31.40814412,31.94015158,30028863,964243853.91
2019-12-09,002230,31.97955954,32.20615531,31.75296377,32.05837546,26051467,845353488.32
2019-12-10,002230,32.00911551,32.24556327,31.59533193,32.23571128,27066633,877332266.04
2019-12-11,002230,32.26526725,32.87609063,32.1174874,32.14704337,38172433,1257652039.18
2019-12-12,002230,32.0189675,32.02881949,31.60518392,31.7234078,26755737,863102962.56
2019-12-13,002230,32.07807944,32.3145272,31.85148367,32.2160073,31560360,1027917684.05
2019-12-16,002230,32.4130471,33.24061426,32.3145272,33.15194635,53286566,1780367691.15
2019-12-17,002230,33.26031824,33.58543391,32.92535058,33.27017023,44289733,1492398640.71
2019-12-18,002230,33.28002222,33.78247371,33.15194635,33.2997262,37956089,1290450196.23
2019-12-19,002230,33.37854212,33.6938058,33.22091028,33.43765406,28310687,961359659.1
2019-12-20,002230,33.55587794,33.61498988,32.88594262,32.93520257,28257474,949472638.91
2019-12-23,002230,33.25046625,33.70365779,32.50171501,32.58053093,32187917,1081358175.0
2019-12-24,002230,32.57067894,33.23076227,32.511567,33.22091028,20960005,699891717.75
2019-12-25,002230,33.26031824,33.65439784,33.1026864,33.54602595,29974223,1017444944.02
2019-12-26,002230,34.26522122,35.31938415,33.66424983,35.01397246,94597170,3313258648.68
2019-12-27,002230,34.8760446,35.22086425,33.7923257,33.7923257,59298820,2076793524.87
2019-12-30,002230,33.7923257,34.09773739,33.1026864,33.94995754,34232805,1171075704.98
2019-12-31,002230,33.7923257,34.33418515,33.70365779,33.96966152,25080017,866344313.83
2020-01-02,002230,34.09773739,35.01397246,34.09773739,34.52137296,48843804,1713274183.9
2020-01-03,002230,34.44255704,34.76767271,33.92040157,34.14699734,44019437,1531343100.72
2020-01-06,002230,33.7923257,37.07303837,33.70365779,36.17650728,124336428,4546572811.37
2020-01-07,002230,36.16665529,36.27502718,35.67405579,36.20606325,49733045,1816298067.16
2020-01-08,002230,35.91050355,36.11739534,35.49671997,35.51642395,47125351,1709205340.75
2020-01-09,002230,36.03857942,36.29473116,35.70361176,35.99917146,46484015,1698261946.12
2020-01-10,002230,35.91050355,36.56073489,35.47701599,35.72331574,39585945,1446077463.72
2020-01-13,002230,35.81198365,36.72821872,35.6642038,36.44251101,50102186,1846205642.12
2020-01-14,002230,36.5508829,36.62969882,35.81198365,35.8612436,37473692,1371788078.73
2020-01-15,002230,35.77257569,36.1568033,35.2701242,35.74301972,34319862,1240427491.12
2020-01-16,002230,35.74301972,36.21591524,35.61494385,35.78242768,32834088,1196855409.82
2020-01-17,002230,35.96961549,36.01887544,35.32923614,35.42775604,31248738,1130456932.57
2020-01-20,002230,35.467164,36.18635927,35.09278838,36.07798738,41308943,1502080992.89
2020-01-21,002230,36.02872743,36.40310305,35.44746002,35.49671997,34975462,1270504619.24
2020-01-22,002230,35.32923614,36.43265902,35.22086425,36.31443514,50916222,1862660437.94
2020-01-23,002230,35.82183564,36.0582834,33.8908456,34.66915281,64969974,2312794863.04
2020-02-03,002230,31.20125233,33.15194635,31.20125233,31.47710805,96516579,3127358382.15
2020-02-04,002230,32.06822745,34.62974485,32.0189675,34.62974485,106696515,3674946269.34
2020-02-05,002230,35.45731201,38.09764533,34.6790048,37.62474981,159254243,5987569732.01
2020-02-06,002230,37.75282568,38.78728463,37.2405222,38.7183207,130991689,5081874374.12
2020-02-07,002230,38.30453712,39.2109202,37.5360819,38.28483314,107461310,4183592782.24
2020-02-10,002230,38.53113289,39.1124003,37.5360819,38.44246498,84304345,3281871852.88
2020-02-11,002230,38.8168406,39.09269632,37.13215031,37.27007817,83444074,3193150986.26
2020-02-12,002230,37.31933812,38.76758065,37.0434824,38.7183207,104569399,4054918335.27
2020-02-13,002230,38.5212809,38.9153605,37.6346018,37.85134558,74657952,2885889011.35
2020-02-14,002230,37.6346018,38.56068886,37.48682195,37.79223364,62518707,2409471368.53
2020-02-17,002230,37.79223364,39.07299234,37.7331217,38.95476846,94927024,3718514224.34
2020-02-18,002230,39.12225229,39.92026348,38.55083687,39.45721995,97061812,3862633425.42
2020-02-19,002230,39.12225229,39.12225229,38.04838538,38.08779334,84477867,3300201456.39
2020-02-20,002230,38.30453712,38.68876473,37.58534185,38.43261299,61613714,2393525706.76
2020-02-21,002230,38.47202095,41.59510178,38.47202095,40.72812666,143469143,5899911958.53
2020-02-24,002230,41.36850601,42.55074481,40.73797865,41.7724376,115410150,4899672442.91
2020-02-25,002230,40.81679457,41.50643387,39.15180826,41.378358,117799191,4859846718.32
2020-02-26,002230,40.393159,40.58034681,38.8168406,39.19121622,91676891,3706319345.13
2020-02-27,002230,39.36855204,41.21087417,38.57054085,40.38330701,91107585,3705661294.61
2020-02-28,002230,38.80698861,39.82174358,37.9301615,38.01882941,89772145,3534285427.58
2020-03-02,002230,39.26018015,40.60990278,38.54098488,40.17641522,87231419,3511965315.89
2020-03-03,002230,41.0827983,44.19602714,40.64931074,43.1517162,189305067,8292350125.58
2020-03-04,002230,42.63941272,43.78224356,41.26013412,42.61970874,125571756,5437591389.95
2020-03-05,002230,43.8413555,44.01869132,41.35865402,42.1665172,103100170,4448259503.62
2020-03-06,002230,41.26013412,42.01873735,40.83649855,41.23057815,68072673,2850403841.87
2020-03-09,002230,40.01878338,40.56064283,38.97447244,39.16166025,80778644,3255512605.65
2020-03-10,002230,38.79713662,40.5901988,38.6198008,40.57049482,78228464,3153919773.64
2020-03-11,002230,40.77738661,41.13205825,39.19121622,39.3094401,64942009,2636262939.73
2020-03-12,002230,38.422761,38.50157692,37.3390421,37.87104956,67796090,2609873813.45
2020-03-13,002230,35.467164,38.56068886,35.467164,37.74297369,67119089,2521770644.66
2020-03-16,002230,38.0286814,38.0286814,35.27997619,35.5656839,65398460,2420893111.57
2020-03-17,002230,36.03857942,36.42280703,34.1864053,35.75287171,57674262,2078586839.33
2020-03-18,002230,36.03857942,36.91540653,35.03367644,35.10264037,55150654,2022064090.11
2020-03-19,002230,35.2701242,36.27502718,34.37359311,35.96961549,56515924,2034234653.05
2020-03-20,002230,36.46221499,36.6494028,35.3686441,35.69375977,41705516,1518914866.51
2020-03-23,002230,34.481965,35.13219634,33.80217769,34.22581326,46673415,1632570938.9
2020-03-24,002230,34.93515654,35.16175231,33.99921749,34.95486052,39859528,1406401274.81
2020-03-25,002230,35.7627237,35.93020753,35.1716043,35.45731201,41981343,1513650758.0
2020-03-26,002230,35.0730844,36.09769136,34.9745645,35.27997619,36447680,1315734267.82
2020-03-27,002230,36.08783937,36.2553232,35.38834808,35.45731201,47793390,1741129981.52
2020-03-30,002230,34.8760446,34.8760446,33.52632197,34.01892147,43104496,1491206031.53
2020-03-31,002230,34.481965,34.59033689,33.73321376,33.94995754,23459599,813872387.29
2020-04-01,002230,33.94995754,34.5804849,33.5952859,33.9893655,26292862,912776509.7
2020-04-02,002230,33.8908456,34.95486052,33.74306575,34.93515654,33518132,1171623325.32
2020-04-03,002230,34.81693266,34.91545256,34.12729336,34.2849252,28206117,985460999.29
2020-04-07,002230,35.08293639,35.42775604,34.80708067,35.25042022,41196207,1469417797.54
2020-04-08,002230,34.91545256,35.40805206,34.85634062,35.06323241,27155296,967327523.55
2020-04-09,002230,35.41790405,36.5508829,35.11249236,36.39325106,60020008,2185782657.75
2020-04-10,002230,36.5508829,36.60014285,35.08293639,35.23071624,44355648,1605613364.36
2020-04-13,002230,34.8760446,34.8760446,34.16670132,34.41300107,25999032,909749341.61
2020-04-14,002230,33.61498988,34.5804849,33.60513789,34.55092893,39953427,1382176033.73
2020-04-15,002230,34.50166898,34.82678465,34.10758938,34.19625729,26757901,936677974.43
2020-04-16,002230,34.0878854,34.30462918,33.71350978,33.91054958,28581712,984091334.61
2020-04-17,002230,34.29477719,34.63959684,33.96966152,34.11744137,32175278,1120220448.49
2020-04-20,002230,34.23566525,34.54107694,34.07803341,34.51152097,24572314,857985971.15
2020-04-21,002230,34.44255704,34.44255704,33.55587794,34.02877346,27565833,950708020.74
2020-04-22,002230,33.8908456,34.76767271,33.70365779,34.72826475,37803211,1321240909.4
2020-04-23,002230,34.72826475,34.76767271,34.16670132,34.19625729,24035224,837641373.84
2020-04-24,002230,34.09773739,34.40314908,33.22091028,33.24061426,34240581,1169631182.28
2020-04-27,002230,33.24061426,33.34898615,32.0189675,32.3145272,44479395,1462934558.93
2020-04-28,002230,32.30467521,32.3145272,30.41309313,32.27511924,43933417,1404920378.1
2020-04-29,002230,31.9204476,32.34408317,31.78251974,31.79237173,16447157,534669111.22
2020-04-30,002230,32.1174874,33.0041665,32.1174874,32.78742272,32566333,1080705857.91
2020-05-06,002230,32.40319511,33.46721003,32.29482322,33.35883814,36138844,1210567650.25
2020-05-07,002230,33.3982461,33.84158565,33.12239038,33.3982461,28351987,962345280.96
2020-05-08,002230,33.55587794,34.22581326,33.55587794,33.76276973,33655696,1158610326.86
2020-05-11,002230,34.26522122,34.33418515,33.70365779,34.02877346,29025881,1002118547.73
2020-05-12,002230,34.0878854,34.10758938,33.19135431,33.64454585,23320586,794727965.74
2020-05-13,002230,33.64454585,33.65439784,33.27017023,33.54602595,17199364,584389591.41
2020-05-14,002230,33.40809809,33.77262172,33.36869013,33.38839411,14702163,500046197.11
2020-05-15,002230,33.43765406,33.53617396,32.60023491,32.92535058,28685510,960023968.27
2020-05-18,002230,32.94505456,33.28002222,32.40319511,32.72831078,26578897,885898779.93
2020-05-19,002230,33.12239038,34.13714535,32.97461053,34.11744137,48087913,1653451471.63
2020-05-20,002230,34.05832943,34.41300107,33.61498988,33.78247371,31998095,1105099212.57
2020-05-21,002230,34.03862545,34.11744137,32.33423118,32.38349113,40589292,1358138916.65
2020-05-22,002230,32.40319511,32.63964287,31.73325979,31.9204476,22333479,729592692.73
2020-05-25,002230,31.94015158,32.04852347,30.86628467,31.08302845,27959985,888685397.67
2020-05-26,002230,31.28006825,31.74311178,31.28006825,31.7234078,19614912,628701459.49
2020-05-27,002230,31.77266775,31.77266775,31.08302845,31.2308083,22319253,708397163.06
2020-05-28,002230,31.51651601,31.78251974,30.9352486,31.28992024,20406085,648539201.25
2020-05-29,002230,31.04362049,31.7234078,31.01406452,31.47710805,19164519,612902695.1
2020-06-01,002230,31.7234078,32.57067894,31.65444387,32.45245506,30734174,1005989768.17
2020-06-02,002230,32.55097496,33.11253839,32.22585929,32.78742272,30880546,1024432251.88
2020-06-03,002230,33.74306575,34.03862545,32.87609063,32.96475854,45061866,1529858755.79
2020-06-04,002230,33.03372247,33.35883814,32.7086068,32.8071267,21774129,728413754.87
2020-06-05,002230,32.78742272,33.15194635,32.49186302,32.88594262,18114361,602873543.5
2020-06-08,002230,33.08298242,33.54602595,33.06327844,33.2997262,23423783,790580245.0
2020-06-09,002230,33.44750605,33.44750605,33.0041665,33.13224237,15810730,531923346.07
2020-06-10,002230,33.28002222,35.14204833,33.02387048,34.92530455,83120061,2900210046.84
2020-06-11,002230,35.0730844,35.91050355,34.11744137,34.34403714,69236213,2458150091.66
2020-06-12,002230,33.6938058,34.92530455,33.5952859,34.3834451,48149476,1670028182.79
2020-06-15,002230,34.35388913,34.46226102,33.60513789,33.61498988,36138716,1245591792.42
2020-06-16,002230,33.9893655,34.68885679,33.82188167,34.55092893,34312259,1192668203.57
2020-06-17,002230,34.62974485,35.09278838,34.11744137,34.5804849,32523663,1140940984.83
2020-06-18,002230,34.4816537,35.01518072,34.3828524,34.56069474,29224964,1024844840.88
2020-06-19,002230,34.71877682,35.10410189,34.59033513,34.78793773,30467000,1074496489.5
2020-06-22,002230,35.0744615,35.44002631,34.78793773,35.10410189,38002779,1349650756.46
2020-06-23,002230,35.11398202,35.25230384,34.66937617,34.89661916,28591195,1009378223.3
2020-06-24,002230,35.48942696,37.19868945,35.4696667,36.14151554,70358311,2592928287.39
2020-06-29,002230,36.13163541,36.93192594,35.62774878,35.75619047,41219407,1511462224.84
2020-06-30,002230,36.556481,37.28761062,36.3588784,36.98132659,59520665,2222199366.5
2020-07-01,002230,37.17892919,37.2480901,36.24031684,36.77384386,43069888,1600534134.31
2020-07-02,002230,36.91216568,38.21634284,36.60588165,37.544494,58103879,2208321321.93
2020-07-03,002230,37.544494,37.79149725,37.1492888,37.67293569,41364939,1568303261.28
2020-07-06,002230,38.3349044,39.3229174,38.0385005,38.9277122,70061595,2744380761.05
2020-07-07,002230,39.66872195,42.07947367,39.65884182,39.9157252,90776191,3730191462.9
2020-07-08,002230,39.9157252,40.74565612,39.0265135,40.43937209,71429577,2886770166.13
2020-07-09,002230,40.43937209,42.44503848,40.22200923,41.8917512,89976791,3766140328.82
2020-07-10,002230,41.6941486,41.8917512,40.51841313,40.63697469,68462046,2846024798.27
2020-07-13,002230,40.51841313,41.26930301,40.38997144,41.08158054,65368984,2702791999.05
2020-07-14,002230,41.1013408,41.14086132,38.76963012,39.4217187,87055702,3506356179.82
2020-07-15,002230,39.6193213,39.96512585,38.18670245,38.3349044,56978258,2244128692.18
2020-07-16,002230,38.34478453,39.01663337,36.34899827,36.58612139,69374997,2654864649.31
2020-07-17,002230,37.0504875,37.39629205,36.22055658,36.79360412,43912347,1635828857.62
2020-07-20,002230,37.2480901,37.36665166,35.67714943,37.31725101,57996154,2152779566.29
2020-07-21,002230,37.4456927,38.0385005,37.1492888,37.53461387,41731334,1588806410.65
2020-07-22,002230,37.3468914,38.12742167,37.1492888,37.56425426,37516717,1432752804.13
2020-07-23,002230,37.2480901,37.52473374,36.11187515,36.78372399,42735634,1587013083.34
2020-07-24,002230,36.556481,37.87053829,35.25230384,35.51906735,57686440,2130151499.75
2020-07-27,002230,35.57834813,35.91427255,34.98554033,35.51906735,28760685,1031759423.41
2020-07-28,002230,35.87475203,36.01307385,35.26218397,35.568468,23937037,860617309.62
2020-07-29,002230,35.58822826,36.72444321,35.43014618,36.71456308,36086778,1323284315.69
2020-07-30,002230,35.9636732,36.3588784,35.72655008,35.79571099,40034487,1457402229.41
2020-07-31,002230,35.84511164,36.556481,35.69690969,36.18103606,30698370,1123470800.22
2020-08-03,002230,36.3588784,37.45557283,36.3588784,37.29749075,42867051,1607278773.56
2020-08-04,002230,37.30737088,37.42593244,36.69480282,37.02084711,28975992,1086106019.07
2020-08-05,002230,37.47533309,37.53461387,36.71456308,36.97144646,26713710,999747710.74
2020-08-06,002230,37.09988815,38.64118843,36.91216568,38.2361031,70167127,2705796978.34
2020-08-07,002230,37.88041842,38.16694219,36.68492269,37.53461387,46238082,1755002778.03
2020-08-10,002230,37.3468914,38.02862037,37.06036763,37.60377478,28368806,1080680945.22
2020-08-11,002230,37.60377478,37.83101777,36.26995723,36.32923801,34468253,1293741899.7
2020-08-12,002230,36.30947775,36.30947775,35.1732628,35.93403281,34451098,1243967638.33
2020-08-13,002230,36.15139567,36.6552823,35.8648719,36.1612758,21013230,771523827.76
2020-08-14,002230,36.22055658,39.0265135,36.18103606,37.98909985,85992647,3320471825.02
2020-08-17,002230,37.98909985,39.04627376,37.49509335,38.532507,58255847,2259846258.61
2020-08-18,002230,38.6313083,38.71034934,37.94957933,38.11754154,32634882,1261748794.38
2020-08-19,002230,38.49298648,38.49298648,37.20856958,37.39629205,31270281,1195656894.05
2020-08-20,002230,37.3468914,37.72233634,36.76396373,36.92204581,27387465,1030634968.85
2020-08-21,002230,37.03072724,38.6313083,37.03072724,38.38430505,61611507,2380208781.38
2020-08-24,002230,38.3349044,38.46334609,36.82324451,37.77173699,48941898,1869894535.69
2020-08-25,002230,37.7420966,38.41394544,37.55437413,37.67293569,33283873,1276811462.8
2020-08-26,002230,37.544494,38.0385005,36.46755983,36.68492269,38083807,1430263898.45
2020-08-27,002230,36.7540836,37.04060737,36.08223476,36.80348425,29610300,1095942565.27
2020-08-28,002230,36.74420347,37.13940867,36.31935788,37.07024776,25739307,956678554.51
2020-08-31,002230,37.53461387,38.17682232,37.20856958,37.23820997,35049669,1340091554.38
2020-09-01,002230,37.23820997,38.16694219,37.09988815,37.90017868,38879323,1488677839.72
2020-09-02,002230,37.77173699,37.96933959,37.31725101,37.71245621,28521569,1086570522.49
2020-09-03,002230,37.61365491,37.69269595,36.77384386,36.78372399,30880298,1160045118.56
2020-09-04,002230,36.34899827,36.7540836,35.94391294,36.53672074,29861931,1098047763.11
2020-09-07,002230,36.53672074,36.77384386,35.4696667,35.61786865,27707817,1012719860.58
2020-09-08,002230,35.61786865,36.02295398,35.43014618,35.91427255,18424702,666415921.52
2020-09-09,002230,35.58822826,35.62774878,34.22477032,34.45201331,35313703,1241469154.53
2020-09-10,002230,34.72865695,34.94601981,33.93824655,34.14572928,18867724,659136754.76
2020-09-11,002230,33.79992473,34.3828524,33.79992473,34.2840511,13364925,462679208.96
2020-09-14,002230,34.66937617,34.86697877,34.29393123,34.61009539,14555475,509859880.63
2020-09-15,002230,34.61997552,34.76817747,34.29393123,34.6792563,13029963,456062116.48
2020-09-16,002230,34.88673903,34.90649929,34.4816537,34.72865695,12081218,424012613.37
2020-09-17,002230,34.6792563,34.88673903,34.19512993,34.62985565,14750991,516542837.13
2020-09-18,002230,34.62985565,35.22266345,34.580455,35.15350254,15792689,558278681.93
2020-09-21,002230,35.3708654,35.90439242,35.24242371,35.39062566,19829235,713653079.02
2020-09-22,002230,35.2720641,35.52894748,34.43225305,34.56069474,19912311,703899782.75
2020-09-23,002230,34.64961591,34.80769799,34.39273253,34.580455,10126152,354507905.5
2020-09-24,002230,34.37297227,34.44213318,33.92836642,34.03704785,12441828,429775668.17
2020-09-25,002230,34.21489019,34.32357162,33.86908564,34.10620876,10020110,345458338.43
2020-09-28,002230,34.13584915,34.37297227,33.63196252,33.64184265,9959999,342860119.71
2020-09-29,002230,33.83944525,34.34333188,33.79992473,34.07656837,11512678,397405919.39
2020-09-30,002230,34.09632863,34.41249279,33.76040421,33.85920551,11878375,410188406.43
2020-10-09,002230,34.40261266,35.31158462,34.39273253,35.11398202,19851331,703101274.33
2020-10-12,002230,35.36098527,35.83523151,35.28194423,35.67714943,23451039,845005069.04
2020-10-13,002230,35.7660706,36.37863866,35.30170449,36.22055658,31154873,1133276793.52
2020-10-14,002230,35.9636732,36.22055658,35.7660706,35.99331359,19280098,702057406.69
2020-10-15,002230,35.64750904,35.95379307,35.34122501,35.42026605,17848435,643263503.46
2020-10-16,002230,35.35110514,35.55858787,34.96578007,35.19302306,12482438,445086392.18
2020-10-19,002230,35.568468,35.6672693,34.8768589,34.92625955,13181875,469362183.08
2020-10-20,002230,34.92625955,35.18314293,34.60021526,35.16338267,9558268,338727324.33
2020-10-21,002230,35.16338267,35.1732628,34.13584915,34.34333188,18049075,629165004.05
2020-10-22,002230,34.4816537,34.62985565,34.21489019,34.32357162,9489360,330814324.6
2020-10-23,002230,34.32357162,34.64961591,34.24453058,34.33345175,10161610,353770167.36
2020-10-26,002230,34.33345175,35.1732628,34.06668824,34.8768589,17524510,618263904.74
2020-10-27,002230,35.39062566,36.28971749,35.38074553,35.62774878,36163037,1312905703.29
2020-10-28,002230,35.72655008,37.63341517,35.72655008,37.544494,84857249,3174206921.75
2020-10-29,002230,37.15916893,38.21634284,37.03072724,37.66305556,69429178,2652888042.08
2020-10-30,002230,37.65317543,38.59178778,37.52473374,37.58401452,67125080,2588187827.05
2020-11-02,002230,37.9396992,39.8169239,37.9396992,39.69836234,92063866,3655371094.87
2020-11-03,002230,39.7181226,40.18248871,39.23399623,39.7181226,66569869,2679850527.84
2020-11-04,002230,39.72800273,40.07380728,39.20435584,39.56004052,48941531,1962492016.82
2020-11-05,002230,40.508533,40.89385807,39.6193213,40.06392715,48057447,1951984531.23
2020-11-06,002230,40.12320793,41.44714535,40.02440663,40.59745417,62417773,2572959274.59
2020-11-09,002230,41.1013408,41.75342938,40.55793365,41.2001421,57439049,2392407604.39
2020-11-10,002230,40.71601573,41.66450821,40.1133278,40.83457729,51044309,2112394621.59
2020-11-11,002230,41.30882353,41.34834405,39.50075974,39.52052,51768629,2100001314.84
2020-11-12,002230,40.02440663,43.472572,40.02440663,43.472572,104820302,4524739703.07
2020-11-13,002230,43.82825668,44.13454071,41.496546,42.0893538,122578621,5317556972.46
2020-11-16,002230,42.44503848,42.44503848,40.9037382,41.68426847,54521702,2288445797.0
2020-11-17,002230,41.6941486,42.26719614,39.60944117,40.36033105,66886585,2761872957.2
2020-11-18,002230,40.51841313,40.75553625,39.8169239,40.38997144,39986953,1631161646.2
2020-11-19,002230,40.2121291,41.0025395,40.02440663,40.39985157,43372362,1776323324.56
2020-11-20,002230,40.38997144,40.96301898,39.62920143,40.42949196,36021180,1467621747.36
2020-11-23,002230,40.42949196,40.72589586,39.93548546,40.6073343,36897575,1508115392.15
2020-11-24,002230,40.24176949,40.26152975,38.06814089,38.42382557,80007212,3127092006.74
2020-11-25,002230,38.44358583,38.80915064,37.88041842,37.9396992,39295526,1521080639.83
2020-11-26,002230,38.1373018,38.19658258,37.20856958,37.67293569,29127842,1109777654.84
2020-11-27,002230,37.78161712,37.95945946,37.33701127,37.8408979,26958134,1027054610.01
2020-11-30,002230,37.92981907,38.44358583,37.47533309,37.76185686,37968679,1459503825.08
2020-12-01,002230,37.76185686,38.62142817,37.76185686,38.532507,38716881,1502557372.25
2020-12-02,002230,38.70046921,38.77951025,38.17682232,38.45346596,28150170,1095206809.26
2020-12-03,002230,38.46334609,38.94747246,37.97921972,38.89807181,32041640,1249443967.3
2020-12-04,002230,38.7301096,38.87831155,37.9396992,38.24598323,26919124,1041557027.88
2020-12-07,002230,38.24598323,38.61154804,37.94957933,37.99897998,18557744,717800143.15
2020-12-08,002230,37.9396992,38.38430505,37.86065816,38.07802102,15054114,580949956.13
2020-12-09,002230,38.0385005,38.21634284,37.11964841,37.25797023,24825473,945819001.94
2020-12-10,002230,37.02084711,37.83101777,36.71456308,37.544494,20634212,779965712.63
2020-12-11,002230,37.544494,38.37442492,37.36665166,37.91993894,31217586,1198162740.72
2020-12-14,002230,37.91005881,37.91005881,36.97144646,37.85077803,22097806,838701197.92
2020-12-15,002230,37.86065816,38.8289109,37.83101777,38.4337057,29161682,1136523397.43
2020-12-16,002230,38.532507,38.83879103,38.06814089,38.31514414,23434374,911983171.2
2020-12-17,002230,38.06814089,38.10766141,37.0504875,37.67293569,36999547,1403440020.64
2020-12-18,002230,38.01874024,38.75974999,37.65317543,38.36454479,30416846,1177611931.98
2020-12-21,002230,38.36454479,39.84656429,38.17682232,39.60944117,51621825,2044602160.85
2020-12-22,002230,39.49087961,39.82680403,38.25586336,38.28550375,37389144,1477726237.99
2020-12-23,002230,38.38430505,38.68070895,37.76185686,38.61154804,31841461,1231274030.42
2020-12-24,002230,38.66094869,39.45135909,38.40406531,38.50286661,30876645,1218182370.33
2020-12-25,002230,38.28550375,38.31514414,37.1492888,37.66305556,33723851,1284676927.86
2020-12-28,002230,37.544494,37.56425426,36.19091619,36.38851879,46421619,1724967842.29
2020-12-29,002230,36.56636113,37.09988815,36.40827905,36.61576178,22178754,824453404.75
2020-12-30,002230,36.7540836,37.58401452,36.2600771,37.3468914,29034553,1091458613.32
2020-12-31,002230,37.59389465,40.98277924,37.4456927,40.38009131,100708303,4075045164.53
2021-01-04,002230,40.9037382,41.0025395,40.06392715,40.81481703,59521995,2448861648.92
2021-01-05,002230,40.42949196,42.9785655,40.32081053,42.0893538,69904902,2975428185.89
2021-01-06,002230,42.03995315,42.66240134,41.1013408,41.54594665,49237736,2078025672.82
2021-01-07,002230,41.50642613,42.55371991,41.2989434,42.23755575,50599277,2149053295.48
2021-01-08,002230,42.29683653,43.15640784,41.98067237,42.53395965,50024660,2153506902.94
2021-01-11,002230,42.73156225,43.97645863,41.76330951,42.36599744,61471820,2679163701.07
2021-01-12,002230,41.87199094,43.94681824,41.2001421,43.78873616,64272249,2789081069.68
2021-01-13,002230,44.35190357,47.30606244,44.35190357,45.8438032,96965011,4507027998.1
2021-01-14,002230,45.49799865,46.31804944,43.8677772,44.11478045,66892909,3028462337.64
2021-01-15,002230,44.15430097,44.70758825,42.62288082,43.61089382,50459634,2228145563.76
2021-01-18,002230,43.46269187,44.34202344,42.92916485,43.44293161,43148005,1905009167.66
2021-01-19,002230,46.10068658,47.79018881,45.6462006,46.1402071,154480206,7401535186.66
2021-01-20,002230,46.436611,47.61234647,45.8438032,46.50577191,77349408,3661871785.1
2021-01-21,002230,46.61445334,51.15931314,46.59469308,51.15931314,135533972,6802404044.1
2021-01-22,002230,51.1790734,51.65331964,49.6970539,51.20871379,92099829,4731897219.82
2021-01-25,002230,51.5742786,53.77754759,49.78597507,49.82549559,118136604,6163196607.52
2021-01-26,002230,49.38088974,49.7958552,47.40486374,48.09647284,77863100,3812447812.81
2021-01-27,002230,48.02731193,48.91652363,47.21714127,48.71892103,50142188,2450494895.31
2021-01-28,002230,47.424624,47.63210673,45.86356346,46.18960775,63688335,3012173446.92
2021-01-29,002230,46.9306175,47.2270214,45.12255371,46.18960775,42853026,2006533189.67
2021-02-01,002230,46.28840905,48.3138357,46.28840905,47.31594257,52139326,2507377634.28
2021-02-02,002230,47.6222266,48.78808194,47.53330543,48.74856142,51055264,2496092603.32
2021-02-03,002230,48.73868129,49.92429689,43.87765733,43.87765733,119659218,5608338361.3
2021-02-04,002230,45.28063579,45.7450019,44.0653798,44.7569889,88319456,4018215918.92
2021-02-05,002230,45.0533928,45.22135501,42.7809629,43.15640784,60603608,2674485360.85
2021-02-08,002230,43.64053421,44.78662929,42.8797642,43.72945538,35766260,1586487968.4
2021-02-09,002230,45.55727943,48.10635297,45.28063579,48.10635297,58867580,2806267074.38
2021-02-10,002230,49.08448584,52.91797628,48.6102396,52.90809615,99911445,5217152007.11
2021-02-18,002230,53.8467085,54.19251305,51.79164146,51.79164146,80037263,4284599770.77
2021-02-19,002230,52.93773654,53.10569875,49.84525585,50.9814708,60765383,3138259595.08
2021-02-22,002230,52.38444926,53.88622902,50.95183041,51.03087145,75039693,3979920706.43
2021-02-23,002230,50.388663,56.13889866,50.0922591,56.13889866,64798614,3585558718.93
2021-02-24,002230,56.80086737,57.03799049,50.52698482,50.59614573,145786870,7799165208.67
2021-02-25,002230,50.1910604,50.4874643,48.2150344,48.63987999,80502346,4000203789.23
2021-02-26,002230,47.30606244,48.45215752,46.12044684,47.63210673,52304413,2501971379.82
2021-03-01,002230,48.29407544,48.89676337,47.2270214,48.7090409,43534130,2125264989.04
2021-03-02,002230,48.412637,50.66530664,47.95815102,49.08448584,53765413,2673698461.08
2021-03-03,002230,48.6102396,49.25244805,47.75066829,48.89676337,36111086,1777371256.07
2021-03-04,002230,48.5114383,48.5114383,46.34768983,46.9306175,46981254,2241808906.62
2021-03-05,002230,46.01176541,47.85934972,45.68572112,47.06893932,36555404,1737145688.44
2021-03-08,002230,47.78030868,48.10635297,45.35967683,45.45847813,38816318,1836336745.05
2021-03-09,002230,45.1521941,47.73090803,44.460585,46.06116606,53703368,2515656334.19
2021-03-10,002230,47.2270214,47.58270608,45.47823839,45.91296411,34334857,1610881214.31
2021-03-11,002230,46.16984749,47.2270214,45.95248463,46.41685074,35266227,1662726944.5
2021-03-12,002230,46.9306175,48.67940051,45.99200515,48.33359596,54964960,2653740007.48
2021-03-15,002230,47.77042855,47.96803115,45.06327293,45.81416281,47795150,2245003852.42
2021-03-16,002230,46.12044684,46.13032697,43.9665785,44.62854721,34554241,1569319349.7
2021-03-17,002230,44.2629824,45.83392307,43.64053421,45.02375241,29767352,1351902799.22
2021-03-18,002230,45.2509954,46.06116606,44.8557902,45.448598,25614246,1177654042.52
2021-03-19,002230,44.5593863,44.87555046,43.91717785,44.12466058,27499935,1235368827.04
2021-03-22,002230,44.33214331,47.10845984,44.14442084,46.42673087,40575749,1883755859.8
2021-03-23,002230,46.39709048,46.7330149,44.98423189,45.32015631,24932924,1152581589.76
2021-03-24,002230,45.1521941,45.93272437,44.14442084,44.37166383,23519574,1066175805.1
2021-03-25,002230,43.91717785,45.00399215,43.74921564,44.39142409,22690127,1018830644.08
2021-03-26,002230,44.61866708,47.63210673,44.54950617,47.0294188,54932352,2585972125.74
2021-03-29,002230,47.74078816,48.6102396,46.75277516,46.91085724,32887488,1581349199.19
2021-03-30,002230,46.9306175,48.00755167,46.78241555,47.41474387,26596198,1274981963.29
2021-03-31,002230,47.2270214,47.90875037,46.70337451,47.75066829,23059300,1104155487.55
2021-04-01,002230,47.7210279,48.68928064,47.26654192,47.99767154,29616519,1439606138.23
2021-04-02,002230,48.2150344,48.9066435,47.60246634,48.00755167,28344136,1383331055.28
2021-04-06,002230,48.12611323,48.98568454,48.12611323,48.30395557,23177718,1136394294.67
2021-04-07,002230,48.5114383,48.60035947,46.52553217,47.41474387,26373131,1259925553.64
2021-04-08,002230,47.80006894,48.8078422,45.92284424,46.39709048,41993849,1998872737.53
2021-04-09,002230,46.41685074,47.08869958,45.8438032,45.91296411,28612662,1341623207.94
2021-04-12,002230,46.1402071,46.41685074,44.52974591,44.63842734,29517463,1349841840.09
2021-04-13,002230,45.0533928,45.62644034,44.6581876,45.0533928,21273477,969995525.98
2021-04-14,002230,45.42883774,46.97013802,45.3497967,46.95037776,31727297,1487404483.93
2021-04-15,002230,46.50577191,46.90097711,44.96447163,45.41895761,27936942,1285936136.84
2021-04-16,002230,45.41895761,46.06116606,44.76686903,45.7450019,21273673,981421942.06
2021-04-19,002230,45.98212502,48.1162331,45.37943709,48.04707219,47339925,2273202173.97
2021-04-20,002230,47.92851063,50.26022131,47.82970933,48.48179791,55882415,2774055508.16
2021-04-21,002230,48.8078422,50.27010144,48.53119856,49.66741351,54203544,2720473541.68
2021-04-22,002230,49.70693403,50.01321806,49.21292753,49.5982526,32749073,1643063146.63
2021-04-23,002230,49.7958552,50.52698482,49.54885195,49.87489624,29917995,1513260521.16
2021-04-26,002230,50.388663,51.14943301,49.5982526,49.76621481,40250906,2046711664.75
2021-04-27,002230,49.93417702,50.71470729,48.73868129,50.62578612,35170483,1773543853.62
2021-04-28,002230,50.4874643,50.8826695,49.81561546,50.5862656,22759881,1160611555.83
2021-04-29,002230,50.5862656,52.00900432,50.23058092,51.02099132,31103602,1607751171.63
2021-04-30,002230,51.18895353,51.7718812,50.16142001,50.35902261,27880652,1432654353.94
2021-05-06,002230,50.2898617,50.73446755,48.98568454,49.40065,33630054,1692942932.63
2021-05-07,002230,49.42041026,49.98357767,48.0174318,48.13599336,27212123,1348575848.92
2021-05-10,002230,47.99767154,49.37100961,47.80006894,48.34347609,22021389,1078840101.88
2021-05-11,002230,48.19527414,53.17485966,47.5234253,52.50301082,79269645,4125780620.36
2021-05-12,002230,52.364689,53.1550994,51.53475808,53.08593849,52085519,2764314260.91
2021-05-13,002230,52.59193199,53.47126356,52.0682851,52.59193199,33132477,1764640834.63
2021-05-14,002230,52.62157238,53.5503046,52.17696653,53.31318148,36136742,1936788302.63
2021-05-17,002230,53.19461992,54.41975604,52.69073329,53.07605836,39671022,2148614330.84
2021-05-18,002230,52.82905511,54.99280358,52.00900432,54.2419137,43624468,2373286177.87
2021-05-19,002230,53.99491045,54.69639968,52.93773654,53.00689745,31027854,1687930965.02
2021-05-20,002230,53.16497953,56.30686087,53.16497953,54.61735864,55418033,3098208619.24
2021-05-21,002230,55.33860813,55.56585112,53.2539007,53.54042447,33613006,1838971229.47
2021-05-24,002230,53.88622902,56.38590191,53.88622902,56.316741,55592022,3137292322.65
2021-05-25,002230,56.53410386,61.81997341,56.42542243,61.53344964,91945238,5545941935.87
2021-05-26,002230,60.77267963,61.27656626,59.93286858,60.52567638,45024583,2761125975.15
2021-05-27,002230,60.42687508,60.93076171,59.5771839,60.34783404,31987324,1948408868.49
2021-05-28,002230,61.0592034,62.4424216,60.41699495,61.19752522,45868432,2845436179.71
2021-05-31,002230,62.244819,63.63791733,60.7627995,61.3556073,37395775,2336014258.53
2021-06-01,002230,60.81220015,61.9484151,59.66610507,60.37747443,43147074,2639479981.93
2021-06-02,002230,60.41699495,60.60471742,59.11281779,59.60682429,32723179,1972246712.25
2021-06-03,002230,59.60682429,60.17987183,57.87780154,58.10504453,38880163,2318402643.08
2021-06-04,002230,58.11492466,59.10293766,57.8975618,58.24336635,33241171,1964986382.48
2021-06-07,002230,58.6879722,59.48826273,58.0951644,59.04365688,24792232,1472143638.9
2021-06-08,002230,59.3807269,59.43029345,57.26919187,58.34974266,31497225,1848465644.87
2021-06-09,002230,58.3893959,59.31133373,57.7945973,58.63722865,26930087,1588595301.79
2021-06-10,002230,59.26176718,61.32373566,59.01393443,60.85781009,54856728,3340178064.55
2021-06-11,002230,60.8677234,60.93711657,54.78095106,57.1997987,102188966,5953512839.65
2021-06-15,002230,57.70537751,60.05483198,57.5963311,59.03376105,52430542,3110732275.87
2021-06-16,002230,59.48977331,61.6607882,57.87390378,58.07216998,51196898,3086448485.04
2021-06-17,002230,58.1911297,62.63229258,58.1911297,62.03749398,56395858,3461315490.49
2021-06-18,002230,64.30764197,67.9061735,64.30764197,65.40801938,71491337,4769900281.8
2021-06-21,002230,66.3200439,67.9061735,65.44767262,65.51706579,53853328,3615064442.24
2021-06-22,002230,65.7252453,66.30021728,63.95076281,65.7252453,35942293,2364200063.31
2021-06-23,002230,65.23949311,66.419177,61.67070151,64.52573479,54530836,3564658756.58
2021-06-24,002230,64.51582148,64.71408768,62.13662708,62.7512523,41910381,2662852106.56
2021-06-25,002230,63.445184,63.6434502,62.2555868,62.74133899,24312064,1540505299.26
2021-06-28,002230,63.01891167,64.8330474,62.06723391,63.445184,32122199,2062115938.05
2021-06-29,002230,63.32622428,63.88136964,61.6607882,62.90986526,26577365,1683205210.94
2021-06-30,002230,62.63229258,67.2122418,62.44393969,66.99414898,48928694,3235019213.43
2021-07-01,002230,66.39935038,66.419177,64.7339143,64.8330474,29560568,1956188649.75
2021-07-02,002230,64.44642831,65.6261122,62.34480659,62.42411307,32767900,2101084230.02
2021-07-05,002230,62.50341955,64.9321805,61.5616551,64.61495458,32025505,2051253195.62
2021-07-06,002230,64.37703514,64.61495458,61.87888102,63.25683111,35901916,2287484551.42
2021-07-07,002230,62.50341955,64.08954915,62.00775405,63.70293006,27658502,1761987199.31
2021-07-08,002230,64.3373819,65.18001325,63.0486516,64.71408768,34573315,2244088745.78
2021-07-09,002230,64.436515,64.44642831,59.47986,60.8677234,76528194,4694797875.83
2021-07-12,002230,60.8677234,62.27541342,59.52942655,61.39312883,32035184,1980309803.41
2021-07-13,002230,63.6434502,64.18868225,60.75867699,61.2642558,37833052,2370661644.18
2021-07-14,002230,60.7685903,61.33364897,59.19237401,60.0746586,40588623,2461161253.59
2021-07-15,002230,60.61989065,61.07590291,59.46003338,60.69919713,25952134,1580720911.77
2021-07-16,002230,60.95694319,61.80948785,60.0746586,60.2729248,25735692,1579213993.14
2021-07-19,002230,59.6781262,62.16636701,58.76610168,60.97676981,31502064,1921218905.75
2021-07-20,002230,60.2729248,60.7685903,58.79584161,59.03376105,34221510,2057566472.52
2021-07-21,002230,59.47986,61.42286876,59.2815938,60.99659643,36309454,2226742615.53
2021-07-22,002230,63.445184,66.74631623,62.7512523,64.60504127,69563916,4532590126.83
2021-07-23,002230,65.1304467,65.15027332,61.64096158,62.0573206,45407782,2875618711.35
2021-07-26,002230,64.98174705,67.61868751,61.9581875,62.3547199,82741317,5391062129.11
2021-07-27,002230,61.462522,62.02758067,57.2989318,57.51702462,77048944,4647024940.29
2021-07-28,002230,56.98170588,58.9841945,55.35592304,57.43771814,46902287,2707023829.39
2021-07-29,002230,58.2902628,59.85656578,58.17130308,58.97428119,34128852,2031508144.2
2021-07-30,002230,58.9841945,59.15272077,56.43647383,58.0919966,37827043,2189532361.0
2021-08-02,002230,57.8937304,59.79708592,57.13040553,59.5789931,31604865,1877842243.86
2021-08-03,002230,58.9841945,60.16387839,58.37948259,58.87514809,26607503,1588326538.01
2021-08-04,002230,59.86647909,60.31257804,58.30017611,59.07341429,29201008,1744122800.26
2021-08-05,002230,59.07341429,59.07341429,56.505867,56.93213933,40001551,2313218588.55
2021-08-06,002230,56.95196595,56.96187926,55.8119353,56.505867,23480520,1331228877.29
2021-08-09,002230,56.2084677,56.6050001,55.52444931,56.19855439,20590950,1162162321.47
2021-08-10,002230,55.96063495,56.85283285,55.514536,56.84291954,21603318,1228622656.17
2021-08-11,002230,56.9023994,57.0015325,55.7128022,55.97054826,21618965,1224553208.83
2021-08-12,002230,55.60375579,56.3076008,55.514536,55.6136691,17212458,967870688.74
2021-08-13,002230,55.6136691,55.72271551,52.92716209,53.66074703,42663207,2324435774.26
2021-08-16,002230,53.30386787,53.80944668,52.41166997,52.70906927,27336975,1458899903.47
2021-08-17,002230,53.34352111,53.47239414,50.90484685,51.07337312,31672222,1663832222.92
2021-08-18,002230,51.03371988,51.96557102,50.8552803,51.1526796,20069682,1038011249.07
2021-08-19,002230,51.14276629,52.61984948,50.88502023,51.9457444,25395178,1333250832.77
2021-08-20,002230,51.70782496,52.60993617,50.557881,51.2518127,22482939,1169400654.59
2021-08-23,002230,50.81562706,52.98664195,50.81562706,52.85776892,22824054,1206259822.51
2021-08-24,002230,53.32369449,53.32369449,51.03371988,52.23323039,41044788,2143293608.27
2021-08-25,002230,52.36210342,53.70040027,51.43025228,53.01638188,31905990,1698454425.73
2021-08-26,002230,53.0362085,54.55294493,53.0362085,53.06594843,31004743,1679245424.61
2021-08-27,002230,53.06594843,53.06594843,51.4500789,52.17375053,24356372,1278522536.62
2021-08-30,002230,52.19357715,52.540543,51.1526796,51.39059904,19038242,993728370.12
2021-08-31,002230,51.11302636,51.9457444,49.20967084,51.92591778,32679282,1660743576.95
2021-09-01,002230,51.549212,51.87635123,50.33978818,51.36085911,21122190,1087902095.36
2021-09-02,002230,51.17250622,51.20224615,49.49715683,49.61611655,29684272,1497188366.03
2021-09-03,002230,49.61611655,50.13160867,49.0708845,49.10062443,24410249,1217061358.49
2021-09-06,002230,49.18984422,51.7474782,48.88253161,51.48973214,31069661,1588865580.66
2021-09-07,002230,51.48973214,51.6483451,50.76606051,51.47981883,19117772,987797519.66
2021-09-08,002230,51.75739151,52.46123652,50.91476016,51.7474782,20884766,1087992302.8
2021-09-09,002230,51.79704475,52.25305701,50.89493354,51.16259291,16163226,838119089.73
2021-09-10,002230,51.20224615,52.21340377,50.56779431,51.65825841,18805641,977717416.43
2021-09-13,002230,51.65825841,52.08453074,50.78588713,51.36085911,16918553,877800922.5
2021-09-14,002230,51.13285298,51.99531095,50.43892128,50.60744755,17982398,929115813.07
2021-09-15,002230,50.2604817,51.0535465,50.12169536,50.4587479,12143915,619091419.8
2021-09-16,002230,50.49840114,50.87510692,49.56655,49.70533634,14947147,753796633.63
2021-09-17,002230,49.74498958,50.76606051,49.57646331,50.50831445,12628811,641838465.56
2021-09-22,002230,49.62602986,50.91476016,49.62602986,50.557881,11114852,565612292.7
2021-09-23,002230,50.70658065,51.43025228,50.31996156,50.94450009,15457560,793769451.96
2021-09-24,002230,50.90484685,53.11551498,50.8552803,52.6396761,35767958,1893732541.98
2021-09-27,002230,53.55170062,54.70164458,52.70906927,53.28404125,30474126,1648188905.38
2021-09-28,002230,53.28404125,53.75988013,52.540543,52.89742216,15610362,835895285.63
2021-09-29,002230,52.19357715,53.57152724,51.09319974,52.9370754,27860682,1472083777.83
2021-09-30,002230,53.04612181,53.39308766,52.22331708,52.4414099,16067181,851748361.65
2021-10-08,002230,53.14525491,54.78095106,52.64958941,54.34476542,31172278,1701849995.42
2021-10-11,002230,54.38441866,54.68181796,53.77970675,54.0275395,15349014,839756836.26
2021-10-12,002230,53.79953337,54.35467873,52.8379423,53.29395456,14718979,794189174.58
2021-10-13,002230,53.52196069,54.04736612,53.30386787,53.85901323,10872059,589407075.83
2021-10-14,002230,53.60126717,53.71031358,51.85652461,53.41291428,21633315,1148737380.0
2021-10-15,002230,52.7388092,55.79210868,52.7388092,54.49346507,29824572,1649027705.54
2021-10-18,002230,54.4240719,54.90982409,53.25430132,53.67066034,20219021,1098363219.69
2021-10-19,002230,53.70040027,53.8292733,53.0362085,53.69048696,12892520,695419941.35
2021-10-20,002230,53.75988013,54.38441866,52.70906927,52.94698871,13745731,737368644.44
2021-10-21,002230,52.70906927,53.21464808,51.55912531,51.90609116,16853282,887436359.92
2021-10-22,002230,52.27288363,54.21589239,52.05479081,53.27412794,21478861,1154170720.89
2021-10-25,002230,53.25430132,53.7301402,51.3509458,52.68924265,24986290,1316016341.16
2021-10-26,002230,52.74872251,57.17997208,52.74872251,55.77228206,72322895,4066107199.6
2021-10-27,002230,55.72271551,55.8119353,53.72022689,54.06719274,36773728,2021443554.77
2021-10-28,002230,54.01762619,56.74378644,53.87883985,56.15890115,44448877,2500362691.68
2021-10-29,002230,55.58392917,56.99161919,55.34600973,55.93089502,29588322,1674691764.99
2021-11-01,002230,56.2084677,56.2084677,54.73138451,55.7128022,19988905,1118514888.19
2021-11-02,002230,55.73262882,56.62482672,54.89991078,55.00895719,25008795,1402064887.21
2021-11-03,002230,55.0188705,57.50711131,55.0188705,57.13040553,38656752,2215074476.42
2021-11-04,002230,57.13040553,57.71529082,56.69421989,57.5963311,25620341,1480124071.18
2021-11-05,002230,57.76485737,58.0919966,57.08083898,57.44763145,20942653,1218629362.36
2021-11-08,002230,57.60624441,58.35965597,56.41664721,57.75494406,23127195,1341735123.03
2021-11-09,002230,57.52693793,58.55792217,57.27910518,58.33982935,19396399,1135604109.79
2021-11-10,002230,58.36956928,59.16263408,58.0919966,58.62731534,21517038,1271215143.96
2021-11-11,002230,58.28034949,58.81566823,57.37823828,58.10190991,20732037,1213652315.47
2021-11-12,002230,58.10190991,58.32991604,56.81317961,57.46745807,21683383,1257934595.97
2021-11-15,002230,57.1997987,58.5876621,57.03127243,57.27910518,17936315,1046239565.25
2021-11-16,002230,57.1997987,57.80451061,56.55543355,56.59508679,15468668,889602750.07
2021-11-17,002230,56.8032663,57.5963311,56.52569362,56.77352637,12813777,737039075.44
2021-11-18,002230,56.505867,57.0015325,55.32618311,56.02011481,18754586,1059869404.69
2021-11-19,002230,56.2084677,57.27910518,55.84167523,56.37699397,13686294,780803648.28
2021-11-22,002230,56.41664721,57.67563758,56.0102015,57.37823828,18054838,1041272678.54
2021-11-23,002230,57.40797821,57.73511744,56.43647383,56.96187926,17404761,1001264125.05
2021-11-24,002230,56.9023994,56.97179257,54.48355176,54.75121113,35191217,1957044638.44
2021-11-25,002230,54.523205,54.94947733,54.19606577,54.29519887,15414251,846960690.1
2021-11-26,002230,54.04736612,54.58268486,53.85901323,54.09693267,15779848,863234017.09
2021-11-29,002230,53.55170062,53.64092041,52.53062969,53.16508153,20046969,1072853736.97
2021-11-30,002230,53.21464808,54.03745281,52.79828906,53.531874,20008673,1077158484.07
2021-12-01,002230,53.3336078,54.09693267,53.24438801,53.7301402,12919544,700336559.4
2021-12-02,002230,53.38317435,53.6310071,52.23323039,52.7388092,18838454,1002575819.4
2021-12-03,002230,52.6396761,53.20473477,52.46123652,53.10560167,17476759,933894381.68
2021-12-06,002230,53.12542829,53.19482146,52.16383722,52.29271025,15708827,834021635.38
2021-12-07,002230,52.4414099,52.6396761,51.41042566,51.92591778,19100602,998156357.61
2021-12-08,002230,52.1440106,53.41291428,51.99531095,53.1353416,20407000,1089848239.16
2021-12-09,002230,53.10560167,54.45381183,52.91724878,53.61118048,25403257,1377624956.44
2021-12-10,002230,53.16508153,53.81935999,52.9370754,53.3336078,15574592,836062170.72
2021-12-13,002230,53.531874,54.19606577,53.28404125,53.54178731,18342078,993759516.3
2021-12-14,002230,53.15516822,54.1266726,52.89742216,53.79953337,16217746,879029002.52
2021-12-15,002230,53.79953337,54.73138451,53.46248083,53.81935999,21196014,1152755047.91
2021-12-16,002230,53.8292733,54.00771288,52.37201673,53.32369449,17845536,953845383.59
2021-12-17,002230,52.98664195,53.18490815,51.70782496,51.70782496,18723131,985606041.18
2021-12-20,002230,51.65825841,52.22331708,51.26172601,51.33111918,12541582,653445361.95
2021-12-21,002230,51.33111918,51.79704475,50.38935473,50.94450009,16605418,852439341.47
2021-12-22,002230,50.8552803,51.27163932,50.71649396,50.90484685,16340073,839953853.44
2021-12-23,002230,50.7561472,51.00397995,50.2604817,50.43892128,16620081,847438742.09
2021-12-24,002230,50.43892128,51.41042566,50.22082846,50.66692741,18410098,943826394.87
2021-12-27,002230,50.70658065,51.40051235,50.64710079,51.03371988,12203580,627747976.94
2021-12-28,002230,51.24189939,51.40051235,50.68675403,51.07337312,11671505,599618725.58
2021-12-29,002230,51.00397995,51.00397995,50.18117522,50.43892128,14614242,743793792.92
2021-12-30,002230,50.3596148,51.82678468,50.24065508,51.30137925,19969583,1032935522.86
2021-12-31,002230,51.9457444,52.20349046,51.31129256,52.05479081,20437006,1069276986.48
2022-01-04,002230,53.83918661,54.0275395,52.27288363,52.45132321,27194818,1450839182.28
2022-01-05,002230,51.9457444,53.16508153,51.57895193,52.20349046,21178471,1118966594.96
2022-01-06,002230,51.69791165,51.93583109,50.3596148,50.64710079,21147992,1084425297.58
2022-01-07,002230,50.91476016,51.1526796,49.21958415,49.25923739,29858542,1506428781.3
2022-01-10,002230,49.2691507,49.87386261,48.12912005,49.60620324,18557396,918846165.2
2022-01-11,002230,49.4674169,49.65576979,48.575219,48.64461217,12970549,641407520.89
2022-01-12,002230,48.4760859,48.9717514,47.90111392,48.29764632,21560229,1048181322.68
2022-01-13,002230,48.39677942,48.54547907,46.43394404,46.6916901,29251789,1394970588.71
2022-01-14,002230,46.28524439,47.17744229,45.8986253,46.40420411,16695324,785655207.8
2022-01-17,002230,46.40420411,47.66319448,46.40420411,47.43518835,20106139,958322659.42
2022-01-18,002230,47.59380131,49.16010429,47.05848257,48.42651935,28376267,1388634892.15
2022-01-19,002230,48.08946681,48.45625928,47.51449483,48.02998695,15054438,728054217.8
2022-01-20,002230,48.02998695,48.39677942,47.59380131,48.10929343,11347014,550029182.63
2022-01-21,002230,47.84163406,48.08946681,46.78090989,47.39553511,13976303,668316842.23
2022-01-24,002230,47.39553511,48.15885998,47.36579518,47.82180744,12118604,583595642.72
2022-01-25,002230,47.3856218,47.7821542,45.92836523,45.9977584,18186563,854730987.1
2022-01-26,002230,46.00767171,46.87012968,45.21460691,46.17619798,13694849,636232657.49
2022-01-27,002230,46.17619798,46.1960246,43.90604999,44.32240901,25817728,1162131386.48
2022-01-28,002230,44.33232232,44.7090281,42.99402547,43.0237654,23985871,1063737507.12
2022-02-07,002230,43.98535647,45.71027241,43.68795717,43.80691689,23598361,1058026321.15
2022-02-08,002230,43.82674351,44.62972162,43.20220498,44.53058852,19658343,871417730.26
2022-02-09,002230,44.78833458,45.88871199,44.63963493,45.68053248,21420836,980596173.65
2022-02-10,002230,45.74992565,46.72143003,45.68053248,46.1960246,22899182,1068804070.29
2022-02-11,002230,45.88871199,47.1873556,45.5020929,46.7908232,24851234,1170597952.45
2022-02-14,002230,46.7908232,49.0708845,46.04732495,48.72391865,34544620,1679286902.9
2022-02-15,002230,48.69417872,49.63594317,48.32738625,48.72391865,19978109,984949725.68
2022-02-16,002230,48.90235823,49.40793704,48.65452548,49.08079781,18368431,909404493.89
2022-02-17,002230,48.9717514,49.3682838,48.25799308,48.90235823,16154851,796905669.27
2022-02-18,002230,48.575219,50.64710079,48.38686611,50.49840114,31173207,1578838209.58
2022-02-21,002230,50.6570141,51.04363319,49.98290902,50.32987487,18620500,948593981.56
2022-02-22,002230,50.00273564,50.01264895,49.13036436,49.74498958,16559725,827815925.39
2022-02-23,002230,49.7648162,50.2604817,49.3682838,49.91351585,14788699,742278230.92
2022-02-24,002230,49.4674169,49.69542303,47.8812873,48.8726183,20538907,1012914212.49
2022-02-25,002230,49.50707014,50.28030832,48.53556576,48.86270499,12700083,629932348.0
2022-02-28,002230,48.82305175,48.92218485,47.8812873,48.56530569,11653217,569690736.0
2022-03-01,002230,48.575219,49.7648162,48.31747294,49.4674169,17343369,860928656.0
2022-03-02,002230,49.20967084,50.21091515,49.12045105,49.56655,11725056,586249984.0
2022-03-03,002230,49.56655,49.71524965,48.4760859,48.575219,11513401,568081504.0
2022-03-04,002230,48.0795535,49.11053774,48.0795535,48.98166471,11035417,541766576.0
2022-03-07,002230,48.575219,48.575219,45.85897206,46.01758502,23307401,1101049904.0
2022-03-08,002230,46.44385735,47.55414807,45.9977584,46.0968915,19964818,942264960.0
2022-03-09,002230,46.37446418,46.86021637,43.9159633,46.24559115,19521915,895744688.0
2022-03-10,002230,46.99900271,47.19726891,46.40420411,46.592557,13720936,647312544.0
2022-03-11,002230,45.12538712,46.27533108,44.38188887,46.13654474,15904037,727984256.0
2022-03-14,002230,45.35339325,46.44385735,45.15512705,45.27408677,12252068,566782528.0
2022-03-15,002230,44.5107619,47.24683546,43.43021111,45.0064274,35108195,1623493296.0
2022-03-16,002230,45.98784509,46.2951577,44.0150964,46.18611129,28173775,1290481360.0
2022-03-17,002230,47.43518835,47.91102723,46.8899563,47.23692215,26150668,1253230816.0
2022-03-18,002230,46.9890894,47.6830211,46.41411742,46.96926278,14155965,671595846.66
2022-03-21,002230,46.96926278,48.32738625,46.86021637,47.9804204,20156753,972156967.77
2022-03-22,002230,48.1786866,48.6743521,47.53432145,47.79206751,12241247,590673928.78
2022-03-23,002230,47.96059378,48.0795535,47.23692215,47.47484159,9708603,465889697.35
2022-03-24,002230,47.09813581,47.43518835,46.7908232,47.07830919,7966304,378510702.98
2022-03-25,002230,46.9890894,47.2864887,46.06715157,46.07706488,10553132,495246059.48
2022-03-28,002230,45.48226628,46.18611129,45.2046936,45.44261304,9003897,414583952.69
2022-03-29,002230,45.601226,46.11671812,45.38313318,45.56157276,6765042,311886079.62
2022-03-30,002230,46.05723826,46.88004299,45.8986253,46.85030306,10959296,513424834.16
2022-03-31,002230,46.58264369,46.72143003,46.14645805,46.16628467,7531940,351748136.25
2022-04-01,002230,46.03741164,46.28524439,45.601226,45.97793178,7196402,334225902.92
2022-04-06,002230,45.81931882,46.20593791,45.02625402,45.2046936,10072809,462172808.34
2022-04-07,002230,45.0064274,45.41287311,44.65946155,44.65946155,6039743,274168183.15
2022-04-08,002230,44.62972162,44.79824789,43.47977766,44.48102197,11512422,511914237.11
2022-04-11,002230,44.24310253,44.26292915,42.11174088,42.2307006,15015854,650355440.67
2022-04-12,002230,41.15014981,42.21087398,40.08942564,42.0324344,20488928,849628074.22
2022-04-13,002230,41.4376358,42.29018046,41.34841601,41.34841601,9822040,413504219.56
2022-04-14,002230,41.89364806,41.95312792,41.05101671,41.30876277,8589385,359447770.87
2022-04-15,002230,40.85275051,41.67555524,40.55535121,41.21954298,6477455,269038925.28
2022-04-18,002230,41.07084333,41.21954298,39.74245979,39.97046592,14988706,608031885.68
2022-04-19,002230,40.03985909,41.09066995,40.03985909,40.2480386,13555820,553759782.28
2022-04-20,002230,40.5454379,41.10058326,40.05968571,40.20838536,9666966,395454274.42
2022-04-21,002230,39.68297993,40.72387748,38.94939499,39.2567076,13357705,536337376.9
2022-04-22,002230,38.661909,39.49462704,38.1662435,38.22572336,18589658,726339847.23
2022-04-25,002230,38.0671104,38.0671104,34.80563141,34.81554472,26663721,976411696.9
2022-04-26,002230,34.85519796,35.35086346,33.1104554,33.2095885,30568439,1056263135.67
2022-04-27,002230,32.713923,35.28147029,32.54539673,35.22199043,23864640,821906266.79
2022-04-28,002230,35.22199043,35.37069008,34.11169971,34.58753859,17511317,612232670.69
2022-04-29,002230,34.8948512,36.91716644,34.42892563,36.679247,23496952,852568279.52
2022-05-05,002230,36.50080742,37.20465243,35.99522861,36.73872686,16503512,612506378.63
2022-05-06,002230,35.9853153,36.91716644,35.79696241,36.22323474,12034530,440748359.47
2022-05-09,002230,36.21332143,36.47106749,35.40043001,35.54912966,11559303,418294511.85
2022-05-10,002230,35.1922505,35.99522861,35.00389761,35.8861822,13419426,482417229.57
2022-05-11,002230,35.95557537,37.13525926,35.73748255,36.11418833,17422912,642480293.17
2022-05-12,002230,35.81678903,36.23314805,35.44008325,35.77713579,12801306,462293272.89
2022-05-13,002230,35.7870491,36.17366819,35.04355085,35.47973649,11599023,415979926.98
2022-05-16,002230,35.687916,36.46115418,34.88493789,35.00389761,13785243,493696914.89
2022-05-17,002230,35.04355085,35.61852283,34.72632493,35.46982318,14008911,497679417.69
2022-05-18,002230,35.67800269,36.2827146,35.32112353,35.67800269,13147311,474203218.02
2022-05-19,002230,35.14268395,35.64826276,34.60736521,35.21207712,16648114,588156062.89
2022-05-20,002230,35.21207712,36.09436171,35.14268395,35.7870491,18518912,665593311.18
2022-05-23,002230,36.06462178,36.61976714,35.79696241,36.35210777,17131956,625815529.59
2022-05-24,002230,36.31245453,36.71890024,34.35953246,34.42892563,22369493,802794521.95
2022-05-25,002230,34.65693176,34.95433106,34.11169971,34.51814542,13977373,486295755.49
2022-05-26,002230,34.78580479,34.9939843,33.68542738,34.74615155,17150642,595466380.5
2022-05-27,002230,35.05346416,35.44999656,34.53797204,34.65693176,14459441,508987393.98
2022-05-30,002230,34.75606486,35.7870491,34.60736521,35.50947642,20235708,720663422.35
2022-05-31,002230,35.52930304,36.24306136,35.04355085,36.04479516,20201818,727368963.92
2022-06-01,002230,36.03488185,36.43141425,35.73748255,36.16375488,15453575,563460948.61
2022-06-02,002230,36.4809808,36.65942038,35.93574875,36.59994052,18260757,670216675.34
2022-06-06,002230,36.81803334,38.62225576,36.53054735,38.43390287,34125270,1302781854.62
2022-06-07,002230,38.49338273,38.60242914,37.55161828,37.78953772,22281467,853631351.51
2022-06-08,002230,37.78953772,38.98904823,37.5714449,38.34468308,27636122,1067250957.52
2022-06-09,002230,38.25546329,38.2653766,36.9766463,37.1749125,21756316,819842461.78
2022-06-10,002230,36.98655961,37.61109814,36.82794665,37.56153159,16804917,631789178.12
2022-06-13,002230,37.1738796,38.03861958,37.05460512,37.6708566,13782411,521374572.74
2022-06-14,002230,37.26333546,37.74043338,36.28926054,37.73049384,16975077,631830047.9
2022-06-15,002230,37.76031246,38.7145083,37.66091706,38.1181359,23312532,898789526.2
2022-06-16,002230,38.18771268,38.99281542,37.9193451,38.32686624,19446301,752546964.21
2022-06-17,002230,37.88952648,38.4660198,37.53170304,38.39644302,19759929,756888145.57
2022-06-20,002230,39.04251312,42.23310546,38.74432692,42.23310546,48690188,1991803774.1
2022-06-21,002230,42.9388128,42.9388128,41.16957468,42.50147304,49790716,2105646534.35
2022-06-22,002230,42.243045,42.4418358,40.6527186,40.94096526,32045092,1338014167.89
2022-06-23,002230,40.71235584,41.33854686,39.78797862,41.13975606,30946452,1262462326.0
2022-06-24,002230,41.23915146,42.01443558,40.94096526,41.4975795,25953793,1084618402.32
2022-06-27,002230,41.68643076,41.97467742,41.30872824,41.67649122,22643458,948024425.12
2022-06-28,002230,41.63673306,43.45566888,41.12981652,42.87917556,31295226,1333096295.38
2022-06-29,002230,42.61080798,43.35627348,41.17951422,41.3484864,23974646,1016721947.86
2022-06-30,002230,41.36836548,42.00449604,40.752114,40.97078388,20996928,872001632.25
2022-07-01,002230,40.83163032,41.03042112,40.3545324,40.91114664,14960603,612510278.84
2022-07-04,002230,42.13371006,42.52135212,41.53733766,42.07407282,24227896,1023987943.07
2022-07-05,002230,42.18340776,44.38998564,41.46776088,43.70415738,37471447,1618928169.72
2022-07-06,002230,43.236999,44.230953,43.20718038,43.49542704,22898882,1005895301.47
2022-07-07,002230,43.19724084,43.5848829,42.740022,42.77978016,16166373,698425033.79
2022-07-08,002230,42.94875234,43.0382082,42.25298454,42.3424404,13244358,567535362.68
2022-07-11,002230,42.243045,42.243045,40.92108618,40.9509048,15163615,629635551.26
2022-07-12,002230,40.752114,40.94096526,39.58918782,40.29489516,17086999,692780319.1
2022-07-13,002230,40.29489516,40.94096526,40.23525792,40.37441148,9101717,370703232.98
2022-07-14,002230,40.3048347,40.84156986,40.01658804,40.24519746,9428143,383442623.04
2022-07-15,002230,40.14580206,40.52350458,39.44009472,39.44009472,13624200,547507881.09
2022-07-18,002230,39.49973196,41.63673306,39.43015518,40.96084434,19915162,817919073.52
2022-07-19,002230,40.77199308,41.5969749,40.752114,41.31866778,14265388,591457365.34
2022-07-20,002230,41.72618892,43.06802682,41.55721674,41.9945565,21382155,907403490.23
2022-07-21,002230,41.746068,42.243045,41.43794226,41.48763996,12698559,534181167.47
2022-07-22,002230,41.55721674,41.80570524,40.71235584,40.97078388,10759233,445622456.04
2022-07-25,002230,40.97078388,41.22921192,40.33465332,41.03042112,9606402,394969896.29
2022-07-26,002230,40.96084434,42.0442542,40.9509048,41.76594708,10362039,434245394.92
2022-07-27,002230,41.63673306,43.0879059,41.4975795,42.62074752,18942711,808528491.88
2022-07-28,002230,42.74996154,43.12766406,42.55117074,42.85929648,14809370,638877019.42
2022-07-29,002230,42.74996154,42.87917556,41.66655168,41.78582616,12415841,527502314.74
2022-08-01,002230,41.55721674,42.8394174,40.93102572,42.28280316,12302510,522316801.15
2022-08-02,002230,41.72618892,41.72618892,40.06628574,40.3048347,19412029,793432866.86
2022-08-03,002230,40.41416964,41.746068,40.4042301,40.46386734,15599634,643746799.14
2022-08-04,002230,40.9509048,41.32860732,40.43404872,40.8018117,10382673,426588084.46
2022-08-05,002230,41.0503002,42.0442542,41.04036066,41.9448588,17372881,726833784.39
2022-08-08,002230,42.0442542,42.5412312,41.4478818,41.68643076,10221481,429110670.72
2022-08-09,002230,41.75600754,41.78582616,41.13975606,41.40812364,10183073,423521247.05
2022-08-10,002230,41.27890962,41.2987887,40.28495562,40.4539278,14568260,596015425.5
2022-08-11,002230,40.8018117,41.12981652,40.43404872,40.99066296,11198511,460713445.7
2022-08-12,002230,41.5472772,41.93491926,40.82169078,40.96084434,15187275,630885585.48
2022-08-15,002230,40.64277906,40.8515094,40.0563462,40.17562068,16650531,674509029.47
2022-08-16,002230,40.19549976,40.54338366,39.3605784,39.59912736,21342095,854251917.33
2022-08-17,002230,39.5593692,40.01658804,38.62505244,40.01658804,16875772,668412742.91
2022-08-18,002230,39.76809954,39.81779724,39.07233174,39.20154576,13403198,529831563.37
2022-08-19,002230,39.3605784,39.48979242,38.59523382,38.70456876,13385966,524036796.32
2022-08-22,002230,38.69462922,39.1120899,38.29704762,38.8636014,8804687,343994437.6
2022-08-23,002230,38.6648106,39.5593692,38.4660198,39.22142484,15163942,597840045.36
2022-08-24,002230,39.10215036,39.1617876,37.1241819,37.4720658,24632038,938888593.82
2022-08-25,002230,37.4720658,37.8199497,36.776298,37.20369822,13724810,514182351.86
2022-08-26,002230,37.29315408,37.68079614,36.86575386,36.98502834,10032627,376066324.74
2022-08-29,002230,36.43835364,36.8259957,36.1302279,36.68684214,10953488,402481649.36
2022-08-30,002230,36.66696306,37.45218672,36.65702352,37.19375868,8715744,325359984.72
2022-08-31,002230,36.99496788,37.56152166,36.79617708,37.26333546,9403093,351840703.33
2022-09-01,002230,37.1241819,37.71061476,36.91545156,36.94527018,8213732,308662543.11
2022-09-02,002230,36.94527018,37.35279132,36.94527018,37.16394006,5856162,219067747.71
2022-09-05,002230,36.94527018,37.04466558,35.84198124,36.28926054,12036016,439528394.35
2022-09-06,002230,36.28926054,36.73653984,36.18986514,36.6272049,7622799,279657359.94
2022-09-07,002230,36.50793042,36.84587478,36.23956284,36.7266003,8793853,324273705.92
2022-09-08,002230,36.776298,36.91545156,36.34889778,36.3787164,6918137,254861318.86
2022-09-09,002230,36.5775072,37.13412144,36.3290187,36.9253911,8423005,311835703.7
2022-09-13,002230,37.00490742,37.35279132,36.76635846,36.84587478,8968837,333825654.55
2022-09-14,002230,36.4284141,36.6272049,35.9811348,36.35883732,9263823,338079062.58
2022-09-15,002230,36.63714444,36.90551202,35.27542746,35.64319044,11697376,424097338.76
2022-09-16,002230,35.6332509,36.23956284,35.2356693,35.2356693,10738109,386288140.71
2022-09-19,002230,35.24560884,35.5338555,34.41068748,34.5895992,9201696,321775424.11
2022-09-20,002230,34.6889946,34.9871808,34.61941782,34.76851092,5950857,208284637.6
2022-09-21,002230,34.67905506,35.09651574,33.91371048,34.87784586,8679594,301996630.72
2022-09-22,002230,34.5895992,35.02693896,34.17213852,34.18207806,8631051,299754843.18
2022-09-23,002230,34.4902038,34.66911552,33.07878912,33.52606842,12906100,437353225.33
2022-09-26,002230,33.40679394,33.77455692,33.0986682,33.1980636,8768894,294702967.03
2022-09-27,002230,33.1980636,33.9932268,33.1980636,33.95346864,8776879,296953266.79
2022-09-28,002230,33.85407324,34.2417153,33.51612888,33.53600796,6821833,232029234.7
2022-09-29,002230,33.80437554,34.12244082,32.79054246,32.92969602,11740628,393834789.96
2022-09-30,002230,32.90981694,33.1980636,32.58181212,32.62157028,8592613,284375693.94
2022-10-10,002230,32.58181212,32.6016912,31.26979284,31.38906732,13319264,424986610.31
2022-10-11,002230,31.5083418,31.64749536,30.7131786,30.9119694,12706562,397041832.59
2022-10-12,002230,30.90202986,31.29961146,29.56019196,31.24991376,24193376,738307881.85
2022-10-13,002230,31.03124388,31.92580248,30.97160664,31.51828134,18615626,591248306.43
2022-10-14,002230,31.79658846,33.0489705,31.56797904,32.800482,20932623,682387724.06
2022-10-17,002230,32.86011924,35.0865762,32.86011924,33.76461738,34441297,1181705436.34
2022-10-18,002230,33.794436,33.794436,32.92969602,32.9992728,18200626,608017635.36
2022-10-19,002230,33.12848682,33.23782176,32.41283994,32.5022958,11744597,386520431.8
2022-10-20,002230,32.38302132,33.1980636,32.01525834,32.7507843,17305450,568799403.97
2022-10-21,002230,32.82036108,34.291413,32.22398868,33.5956452,24040493,808494551.35
2022-10-24,002230,33.60558474,35.8817394,33.5956452,34.18207806,43800626,1524905299.33
2022-10-25,002230,33.8938314,34.12244082,32.303505,33.65528244,23682595,793164745.31
2022-10-26,002230,33.56582658,35.0368785,33.40679394,34.82814816,26891234,935008173.27
2022-10-27,002230,34.77845046,36.0308325,34.40074794,34.97724126,29342168,1042836669.8
2022-10-28,002230,34.59953874,34.97724126,33.45649164,33.7447383,22854793,787729465.83
2022-10-31,002230,32.3532027,35.285367,32.16435144,34.81820862,30076777,1041175307.49
2022-11-01,002230,34.84802724,35.64319044,34.4902038,35.2356693,23374059,822729246.65
2022-11-02,002230,35.74258584,35.9811348,35.31518562,35.56367412,23884906,856926176.61
2022-11-03,002230,35.07663666,35.75252538,34.67905506,35.20585068,15997165,565889917.61
2022-11-04,002230,35.20585068,35.6332509,34.6889946,35.4841578,24978268,884643606.34
2022-11-07,002230,35.0865762,35.62331136,34.62935736,34.77845046,22376166,785651708.83
2022-11-08,002230,34.87784586,35.1362739,34.16219898,35.0865762,24464739,856202699.72
2022-11-09,002230,35.02693896,35.04681804,34.30135254,34.32123162,20968515,730296153.33
2022-11-10,002230,34.12244082,34.55978058,33.37697532,33.68510106,17115916,582858120.28
2022-11-11,002230,34.6889946,34.97724126,33.9435291,34.25165484,21669774,751033153.39
2022-11-14,002230,34.32123162,34.82814816,33.7447383,34.02304542,18308720,628897234.42
2022-11-15,002230,33.8938314,35.0368785,33.77455692,34.8380877,25458086,889154681.65
2022-11-16,002230,35.10645528,35.40464148,34.5895992,34.65917598,24637273,866436559.47
2022-11-17,002230,34.86790632,35.5338555,34.08268266,35.5338555,29312436,1027011676.89
2022-11-18,002230,35.5338555,35.86186032,34.57965966,34.6392969,30456468,1081090581.32
2022-11-21,002230,34.3908084,34.5399015,33.47637072,33.86401278,22644530,771005009.48
2022-11-22,002230,33.55588704,34.07274312,32.91975648,33.12848682,18405869,618960176.0
2022-11-23,002230,32.92969602,33.30739854,32.5022958,32.97939372,14535683,480225797.52
2022-11-24,002230,33.11854728,33.25770084,32.303505,32.36314224,16275231,533434356.37
2022-11-25,002230,32.2538073,32.51223534,31.92580248,32.07489558,10974181,354867259.54
2022-11-28,002230,31.7071326,31.7071326,30.90202986,31.22009514,18589893,583378075.22
2022-11-29,002230,31.52822088,32.19417006,31.28967192,32.19417006,18607169,596186839.88
2022-11-30,002230,32.19417006,32.34326316,31.86616524,32.0550165,12196980,394236892.97
2022-12-01,002230,32.46253764,33.07878912,32.46253764,32.77066338,19060916,628497400.01
2022-12-02,002230,32.64144936,33.15830544,32.52217488,32.77066338,12642468,418501284.05
2022-12-05,002230,33.0986682,33.37697532,32.8501797,33.22788222,15596034,520075988.2
2022-12-06,002230,33.12848682,33.4465521,32.9495751,33.22788222,15578107,520219531.6
2022-12-07,002230,33.297459,34.10256174,33.10860774,33.6950406,22046603,746761634.64
2022-12-08,002230,33.6453429,33.88389186,33.22788222,33.51612888,15102012,509580514.67
2022-12-09,002230,33.62546382,33.98328726,33.37697532,33.794436,16600121,563330171.82
2022-12-12,002230,33.6950406,34.54984104,33.55588704,34.1920176,17347501,596648325.97
2022-12-13,002230,33.97334772,34.0926222,32.92969602,32.95951464,16765151,562890138.95
2022-12-14,002230,32.9992728,34.08268266,32.97939372,33.62546382,14589371,493993986.08
2022-12-15,002230,33.62546382,34.13238036,33.40679394,33.83419416,12070619,411010917.71
2022-12-16,002230,33.6950406,33.75467784,33.28751946,33.6950406,9075113,306098261.11
2022-12-19,002230,33.6453429,33.8441337,32.87999832,33.07878912,9263301,310123139.87
2022-12-20,002230,33.06884958,33.32727762,31.83634662,31.93574202,13948295,452709808.95
2022-12-21,002230,32.0053188,32.21404914,31.6077372,31.68725352,7801749,250012715.54
2022-12-22,002230,31.99537926,33.58570566,31.7071326,32.76072384,23279076,770501608.04
2022-12-23,002230,32.5519935,34.06280358,32.47247718,33.15830544,18539040,622924060.91
2022-12-26,002230,33.22788222,33.37697532,32.46253764,32.6016912,14498531,478331135.2
2022-12-27,002230,32.800482,33.01915188,32.5022958,32.92969602,9110778,300458945.0
2022-12-28,002230,32.72096568,32.90981694,32.21404914,32.43271902,9552592,312794616.15
2022-12-29,002230,32.34326316,33.38691486,32.32338408,32.8998774,12469752,413195004.49
2022-12-30,002230,32.90981694,33.12848682,32.51223534,32.63150982,8297414,273380473.65
2023-01-03,002230,32.7010866,34.28147346,32.63150982,34.16219898,28497037,967599420.76
2023-01-04,002230,34.16219898,34.30135254,33.63540336,33.9435291,14674518,500429941.05
2023-01-05,002230,34.0429245,34.28147346,33.87395232,34.21189668,15761058,540764146.82
2023-01-06,002230,34.16219898,34.16219898,33.60558474,33.73479876,15573820,529433685.08
2023-01-09,002230,33.83419416,34.17213852,33.6950406,33.83419416,12257110,418202617.47
2023-01-10,002230,33.9932268,34.07274312,33.4962498,33.91371048,12914633,440422382.11
2023-01-11,002230,33.91371048,34.0429245,32.800482,32.9992728,21416880,718011117.18
2023-01-12,002230,32.9495751,33.33721716,32.7010866,33.10860774,11880451,394752616.79
2023-01-13,002230,33.10860774,33.1483659,32.86011924,33.05891004,9008049,298942657.09
2023-01-16,002230,32.9992728,35.44439964,32.9992728,34.96730172,47983122,1675921393.61
2023-01-17,002230,35.11639482,35.5338555,34.79832954,35.285367,22230379,788330720.45
2023-01-18,002230,35.25554838,35.4841578,34.87784586,35.16609252,15145596,536064215.41
2023-01-19,002230,35.41458102,38.55547566,35.41458102,38.37656394,64635610,2431133196.36
2023-01-20,002230,38.37656394,38.49583842,37.43230764,37.65097752,31280192,1190605327.09
2023-01-30,002230,40.752114,41.41806318,40.28495562,41.41806318,93129613,3848555442.72
2023-01-31,002230,41.41806318,41.41806318,39.45003426,40.33465332,86388184,3497085811.59
2023-02-01,002230,40.7024163,43.236999,40.63283952,42.73008246,90678863,3839809730.44
2023-02-02,002230,42.74996154,45.41375826,42.60086844,42.62074752,126610298,5580098684.74
2023-02-03,002230,43.00838958,43.9824645,42.5909289,43.59482244,76987271,3359957329.72
2023-02-06,002230,44.48938104,47.6103966,43.8333714,47.6103966,119846802,5544881215.98
2023-02-07,002230,45.8212794,48.7534437,45.25472562,46.40771226,103244971,4862361509.7
2023-02-08,002230,46.38783318,48.26640624,45.53303274,46.04988882,87365118,4099749452.94
2023-02-09,002230,45.10563252,46.1194656,44.55895782,46.1194656,88243847,4013462029.66
2023-02-10,002230,46.29837732,49.76727678,45.9206748,47.62033614,134487140,6498223490.69
2023-02-13,002230,47.212815,48.5546529,46.68601938,48.206769,95145803,4558858140.23
2023-02-14,002230,47.64021522,47.64021522,46.19898192,47.09354052,72839421,3431462444.12
2023-02-15,002230,47.48118258,51.56633352,46.78541478,50.48292366,136955043,6766950515.96
2023-02-16,002230,49.68776046,50.1449793,47.709792,48.206769,102977473,5081412114.46
2023-02-17,002230,47.72967108,47.99803866,46.0697679,46.4176518,81114078,3825270990.11
2023-02-20,002230,47.10348006,50.691654,46.82517294,50.63201676,129909230,6462270462.6
2023-02-21,002230,50.63201676,51.6359103,49.62812322,50.35370964,78412974,3970888776.88
2023-02-22,002230,49.7473977,50.87056572,48.52483428,50.07540252,66747545,3333979755.19
2023-02-23,002230,49.8964908,49.93624896,47.6600943,48.1570713,70649643,3452827921.85
2023-02-24,002230,48.58447152,49.5983046,47.79924786,48.8528391,65586925,3213742602.25
2023-02-27,002230,48.1073736,48.8031414,47.2625127,47.50106166,46721402,2254505920.86
2023-02-28,002230,48.17695038,48.27634578,46.88481018,48.04773636,54637905,2619790070.38
2023-03-01,002230,47.8588851,50.42328642,47.71973154,49.57842552,81624466,4063329191.63
2023-03-02,002230,49.2504207,52.20246408,49.08144852,50.5922586,84403275,4336915318.11
2023-03-03,002230,49.9958862,51.8843988,49.31005794,50.40340734,74281859,3770907172.66
2023-03-06,002230,50.25431424,50.87056572,49.28023932,50.01576528,45626069,2290634126.57
2023-03-07,002230,49.98594666,50.27419332,48.0079782,48.53477382,45253189,2231404674.62
2023-03-08,002230,48.43537842,48.58447152,47.27245224,48.32604348,47586709,2292046189.83
2023-03-09,002230,48.41549934,48.86277864,47.43148488,47.98809912,36465197,1763326355.84
2023-03-10,002230,47.3122104,48.57453198,46.715838,47.34202902,49293288,2349189985.22
2023-03-13,002230,47.212815,49.0516299,46.8152334,48.9025368,61095573,2968069194.7
2023-03-14,002230,48.5049552,48.8528391,47.10348006,47.8588851,45798050,2207796879.55
2023-03-15,002230,48.9025368,50.07540252,47.6600943,47.88870372,58476089,2867222805.8
2023-03-16,002230,47.1134196,49.77721632,46.82517294,48.57453198,70633747,3460875357.83
2023-03-17,002230,49.67782092,53.26599486,49.63806276,51.96391512,116750069,6080935514.29
2023-03-20,002230,52.182585,52.96780866,50.6419563,50.77117032,75932252,3970446495.13
2023-03-21,002230,50.7910494,51.54645444,49.4989092,50.51274228,55768980,2834318008.12
2023-03-22,002230,49.6977,51.2383287,49.28023932,51.2383287,68251222,3462691751.31
2023-03-23,002230,51.685608,56.36713134,51.10911468,56.36713134,150676565,8290109496.01
2023-03-24,002230,56.655378,60.46222182,56.158401,59.65711908,141482403,8249835538.6
2023-03-27,002230,58.83213726,61.6748457,58.146309,60.09445884,123458207,7443330220.31
2023-03-28,002230,58.85201634,59.9851239,57.57975522,57.88788096,80781508,4771641727.27
2023-03-29,002230,57.43066212,60.4324032,56.43670812,58.8917745,103826791,6106902149.32
2023-03-30,002230,58.643286,59.82609126,57.1026573,58.41467658,64475592,3790552542.39
2023-03-31,002230,58.32522072,63.77208864,57.14241546,63.29499072,110212999,6759843410.89
2023-04-03,002230,65.600964,68.9804076,64.94495436,68.8810122,136890488,9229453694.69
2023-04-04,002230,68.1355467,69.6761754,64.04045622,65.5015686,120214252,8110502760.87
2023-04-06,002230,63.78202818,65.31271734,62.8178928,63.59317692,84770745,5455377206.07
2023-04-07,002230,64.39827966,66.22715502,62.7184974,65.103987,69224030,4501211597.49
2023-04-10,002230,64.2591261,64.38834012,58.5935883,58.5935883,111235028,6778609826.14
2023-04-11,002230,58.643286,61.15798962,58.22582532,59.4881469,89788309,5383179070.61
2023-04-12,002230,59.140263,61.8239388,58.8420768,61.36671996,78409211,4798331731.6
2023-04-13,002230,60.50197998,60.81010572,58.55383014,58.73274186,72101394,4307269088.23
2023-04-14,002230,58.9414722,60.0348216,56.9535642,58.82219772,68678167,4034569415.86
2023-04-17,002230,58.61346738,58.77250002,56.8541688,57.87794142,58440874,3384933657.49
2023-04-18,002230,58.2457044,60.36282642,57.21199224,59.39869104,70458994,4175228553.87
2023-04-19,002230,58.78243956,60.41252412,57.76860648,58.15624854,78471479,4659004624.24
2023-04-20,002230,57.8978205,63.8118468,57.51017844,63.5633583,124156828,7614780419.49
2023-04-21,002230,64.60701,66.4955226,57.5002389,57.68909016,159104626,9852330811.86
2023-04-24,002230,57.9475182,60.631194,57.67915062,58.40473704,95428351,5673986453.69
2023-04-25,002230,58.2457044,61.88357604,58.22582532,60.80016618,105868955,6421291815.12
2023-04-26,002230,61.625148,62.2215204,55.64154492,56.63549892,116552398,6845948272.87
2023-04-27,002230,55.6117263,57.4505412,53.9220045,55.02529344,87424565,4855002717.29
2023-04-28,002230,55.02529344,60.5317986,54.66747,60.2336124,106469723,6231632534.46
2023-05-04,002230,60.11433792,61.21762686,57.23187132,59.62730046,83036940,4919842117.14
2023-05-05,002230,58.8917745,61.2275664,56.9535642,57.6990297,76213234,4509181229.8
2023-05-08,002230,60.09445884,63.47390244,58.9414722,63.47390244,138917910,8706685332.7
2023-05-09,002230,64.9051962,66.36630858,62.55946476,63.89136312,138239787,8987452842.7
2023-05-10,002230,64.02057714,66.45576444,62.41037166,65.0542893,108835436,7067612229.47
2023-05-11,002230,65.103987,66.1973364,59.66705862,61.89351558,108976870,6817791135.17
2023-05-12,002230,61.8736365,64.7064054,61.23750594,62.85765096,82836266,5264846962.03
2023-05-15,002230,64.110033,64.5076146,60.83992434,63.5136606,75605752,4736662278.32
2023-05-16,002230,62.7184974,63.116079,58.5438906,58.76256048,97069542,5922784181.81
2023-05-17,002230,58.72280232,59.2396584,56.67525708,57.97733682,72586782,4228517854.29
2023-05-18,002230,58.17612762,61.86369696,57.3014481,60.82004526,85217974,5164542574.01
2023-05-19,002230,60.45228228,61.4263572,59.26947702,59.55772368,48427466,2934743884.6
2023-05-22,002230,59.66705862,60.09445884,57.649332,58.50413244,45089016,2659317822.53
2023-05-23,002230,58.47431382,59.80621218,57.13247592,58.73274186,45097559,2659514621.59
2023-05-24,002230,58.72280232,59.19990024,53.176539,56.22797778,110471930,6232977896.23
2023-05-25,002230,55.3632378,56.3074941,54.0710976,55.27378194,73903411,4098201322.58
2023-05-26,002230,55.38311688,56.71501524,54.34940472,56.28761502,56309256,3166622300.27
2023-05-29,002230,56.9535642,57.5499366,54.7668654,55.50239136,51735864,2910531932.25
2023-05-30,002230,55.69124262,60.21373332,55.44275412,59.8360308,102338959,5991606798.55
2023-05-31,002230,59.52790506,60.07457976,58.7426814,59.3887515,59836743,3576003156.33
2023-06-01,002230,60.2336124,65.33259642,59.82609126,65.33259642,98116916,6260871921.88
2023-06-02,002230,65.97866652,66.87322512,65.18350332,66.3961272,111859053,7430883271.66
2023-06-05,002230,65.7003594,66.75395064,64.76604264,66.47564352,78270205,5188852932.53
2023-06-06,002230,66.18739686,66.3961272,62.619102,63.2154744,92039370,5944949892.43
2023-06-07,002230,64.47779598,65.5512663,64.0106376,64.54737276,72581349,4722783553.05
2023-06-08,002230,63.63293508,64.21936794,62.28115764,63.82178634,54491541,3465962149.31
2023-06-09,002230,63.94106082,66.67443432,62.619102,65.9488479,116603388,7621901683.76
2023-06-12,002230,67.2906858,69.6761754,66.08800146,68.085849,132580811,9101060014.95
2023-06-13,002230,66.82352742,74.8447362,66.61479708,74.3974569,158395779,11578344009.81
2023-06-14,002230,73.552596,74.90437344,73.39356336,74.67576402,103276083,7707370278.22
2023-06-15,002230,74.82485712,75.21249918,71.4652926,72.43936752,91856347,6753719406.48
2023-06-16,002230,72.558642,74.9441316,71.98214868,73.86072174,86905768,6440055759.29
2023-06-19,002230,72.558642,76.45494168,72.0119673,75.1429224,96899286,7248051184.15
2023-06-20,002230,74.54655,81.504228,74.049573,80.3114832,129543203,10214702509.02
2023-06-21,002230,79.50638046,81.27561858,77.12089086,77.1308304,94836955,7525339511.63
2023-06-26,002230,75.7889925,77.8762959,71.47523214,72.04178592,103786644,7733680189.84
2023-06-27,002230,72.81707004,73.28422842,69.90478482,71.99208822,64798096,4660619687.53
2023-06-28,002230,71.35595766,71.44541352,66.9924996,68.9307099,96275179,6633760700.74
2023-06-29,002230,69.74575218,69.94454298,66.77382972,68.6325237,77321695,5310232301.61
2023-06-30,002230,67.59881154,68.61264462,65.7500571,67.54911384,86205102,5819472316.41
2023-07-03,002230,67.7876628,68.1355467,63.09619992,65.68048032,101401382,6653381347.9
2023-07-04,002230,65.68048032,67.17141132,64.5573123,66.13769916,66066133,4383302585.6
2023-07-05,002230,65.6698365,66.3069245,64.2562975,64.385706,56394287,3683897124.83
2023-07-06,002230,64.30607,68.7756405,64.30607,66.834513,103623800,6978226377.28
2023-07-07,002230,66.8842855,69.6715455,63.8182995,68.2978245,108818735,7339788985.26
2023-07-10,002230,67.4019195,67.591055,65.361247,65.5902005,73591689,4882647418.45
2023-07-11,002230,65.600155,69.3729105,65.5902005,68.8552765,98933568,6777281283.93
2023-07-12,002230,67.8797355,69.48241,67.352147,67.8399175,81473991,5575304283.65
2023-07-13,002230,68.0390075,69.163866,64.584796,68.029053,112755052,7507820136.15
2023-07-14,002230,68.68605,71.8416265,68.586505,69.8706355,100301627,7106430365.53
2023-07-17,002230,68.7358225,71.6724,68.467051,69.6815,53602046,3768444071.72
2023-07-18,002230,69.781045,70.378315,66.794695,66.8245585,61372310,4215092082.33
2023-07-19,002230,69.044412,70.179225,67.1431025,67.451692,55907146,3846273301.06
2023-07-20,002230,67.7403725,67.989235,63.688891,63.7585725,78239167,5120828255.05
2023-07-21,002230,63.4798465,65.381156,63.11153,64.286161,43948807,2835459893.33
2023-07-24,002230,63.7088,65.440883,62.374897,63.1214845,58154345,3720748979.96
2023-07-25,002230,64.1567525,64.90334,62.773077,64.0173895,52614422,3378609810.63
2023-07-26,002230,63.7088,63.90789,61.8473085,62.434624,51964464,3271154996.56
2023-07-27,002230,62.414715,63.2011205,61.817445,62.0663075,31157662,1952652719.83
2023-07-28,002230,61.817445,63.011985,61.379447,62.1459435,35964028,2247705528.13
2023-07-31,002230,62.1459435,63.390256,61.1704025,62.593896,45398937,2854344536.66
2023-08-01,002230,60.821995,61.478992,58.53246,60.5731325,90880195,5468125513.31
2023-08-02,002230,60.5731325,62.51426,60.423815,61.538719,42086647,2596945543.8
2023-08-03,002230,60.8120405,62.6834865,60.702541,61.857263,28042385,1741412433.02
2023-08-04,002230,61.996626,63.50971,61.558628,63.031894,44850669,2834322475.59
2023-08-07,002230,63.7088,64.70425,63.1812115,63.50971,47069928,3028083665.16
2023-08-08,002230,63.50971,64.3757515,63.171257,63.2807565,26139375,1673325390.5
2023-08-09,002230,63.0816665,64.664432,62.51426,63.6590275,45192764,2902559634.54
2023-08-10,002230,62.992076,63.5594825,62.215625,62.9024855,33418948,2107351965.72
2023-08-11,002230,63.211075,63.9775715,61.678082,61.7179,27685192,1744150385.27
2023-08-14,002230,60.9314945,63.7386635,60.7324045,63.688891,50839390,3193184798.64
2023-08-15,002230,63.469892,64.6544775,62.31517,63.7088,60984828,3899196523.27
2023-08-16,002230,62.872622,63.410165,57.33792,58.213916,103299701,6134832512.41
2023-08-17,002230,57.318011,58.950549,56.481833,58.5623235,59279472,3444521958.47
2023-08-18,002230,58.33337,58.9007765,56.063744,56.422106,49643571,2842882471.56
2023-08-21,002230,55.844745,57.198557,55.446565,55.645655,40838466,2311762047.08
2023-08-22,002230,56.242925,57.238375,55.2972475,57.039285,46675663,2641823647.97
2023-08-23,002230,56.54156,56.6311505,53.8040725,53.9235265,55490575,3058474134.61
2023-08-24,002230,54.55066,54.6402505,52.9479855,53.057485,50330654,2727924422.67
2023-08-25,002230,52.320852,52.858395,50.7380865,51.1362665,57300376,2966498509.15
2023-08-28,002230,54.74975,54.74975,50.250316,51.086494,77320461,4005190237.83
2023-08-29,002230,50.1408165,52.838486,49.891954,51.823127,78408203,4077772018.48
2023-08-30,002230,52.201398,55.3967925,51.9724445,55.207657,102938652,5600192148.13
2023-08-31,002230,54.6004325,55.2972475,53.35612,54.5805235,56866739,3110997768.31
2023-09-01,002230,54.371479,54.9189765,53.3262565,54.1226165,34777022,1883416521.52
2023-09-04,002230,54.411297,54.411297,52.7289865,53.0077125,60345991,3218091779.1
2023-09-05,002230,53.495483,54.1226165,51.922672,52.121762,57518006,3052951489.2
2023-09-06,002230,51.862945,51.862945,50.76795,51.56431,39974564,2060346661.6
2023-09-07,002230,51.7634,51.843036,50.449406,50.4792695,31142810,1592661949.3
2023-09-08,002230,50.36977,50.748041,49.1851845,49.2449115,41859637,2088767918.5
2023-09-11,002230,49.672955,52.261125,48.77705,50.76795,81687348,4125286341.63
2023-09-12,002230,50.2801795,51.305493,50.0412715,50.5788145,36622583,1865807920.86
2023-09-13,002230,50.36977,50.36977,48.57796,49.0856395,43999150,2173961333.0
2023-09-14,002230,49.0856395,49.593319,48.677505,48.856686,26878501,1324381802.37
2023-09-15,002230,48.97614,49.195139,47.682055,47.801509,37303819,1804761427.56
2023-09-18,002230,47.7816,49.37432,47.482965,48.159871,42558755,2076124831.42
2023-09-19,002230,48.080235,48.1300075,46.129153,46.5372875,63934350,3003135633.85
2023-09-20,002230,46.8160135,47.2141935,46.2585615,46.288425,29697671,1394043120.94
2023-09-21,002230,46.029608,47.283875,45.930063,46.38797,38526764,1805764076.69
2023-09-22,002230,46.38797,49.6630005,46.149062,49.2250025,91560770,4454248094.95
2023-09-25,002230,49.414138,49.872045,48.3888245,48.6675505,51391650,2537795450.3
2023-09-26,002230,48.7870045,51.743491,48.7870045,50.867495,77984044,3978925080.46
2023-09-27,002230,50.36977,51.16613,50.2403615,50.6982685,40268449,2049211028.85
2023-09-28,002230,51.006858,51.5145375,50.2403615,50.429497,37953458,1932144603.04
2023-10-09,002230,50.5389965,51.444856,50.130862,50.9969035,41886071,2142432046.66
2023-10-10,002230,51.0367215,53.535301,50.3598155,51.4149925,72447373,3770985339.9
2023-10-11,002230,51.16613,56.561469,51.086494,55.227566,145206930,8024991286.93
2023-10-12,002230,54.729841,54.9986125,52.898213,54.033026,85419334,4624675811.67
2023-10-13,002230,53.614937,54.5407055,52.6095325,53.097303,53346573,2866715293.57
2023-10-16,002230,53.057485,53.913572,52.0918985,52.75885,48800657,2594524419.01
2023-10-17,002230,53.017667,53.236666,51.6738095,52.141671,40349347,2118388049.66
2023-10-18,002230,52.6493505,54.0827985,50.76795,53.2267115,69596054,3695505026.19
2023-10-19,002230,53.2267115,55.4366105,52.918122,53.55521,71628614,3892155425.48
2023-10-20,002230,52.062035,52.818577,50.36977,50.847586,75318552,3888316687.2
2023-10-23,002230,51.2756295,52.3108975,49.453956,51.6339915,53006319,2718698392.66
2023-10-24,002230,51.862945,52.4303515,46.467606,46.487515,120911075,5851606637.58
2023-10-25,002230,46.5173785,49.4838195,46.5173785,47.4331925,95142207,4619959590.8
2023-10-26,002230,47.423238,47.423238,44.6658415,45.511974,91375884,4179604583.86
2023-10-27,002230,45.113794,45.870336,44.4667515,45.352702,59931166,2714839578.42
2023-10-30,002230,44.894795,45.8802905,44.536433,45.452247,54560262,2480226217.19
2023-10-31,002230,45.492065,46.089335,44.297525,45.352702,59396277,2678625484.29
2023-11-01,002230,45.2432025,45.9400175,44.715614,44.755432,43086467,1955499721.24
2023-11-02,002230,44.894795,45.233248,43.8893905,44.1880255,39184179,1750208824.67
2023-11-03,002230,44.59616,46.1191985,44.277616,45.8404725,68563119,3132499301.89
2023-11-06,002230,46.1988345,47.6721005,45.711064,47.224148,65640417,3098811862.68
2023-11-07,002230,46.9951945,48.2295525,46.8359225,47.8910995,65720457,3137160266.78
2023-11-08,002230,48.159871,48.7670955,47.58251,48.37887,58233777,2822158044.86
2023-11-09,002230,48.77705,49.334502,47.761691,48.2892795,44975724,2185589609.78
2023-11-10,002230,47.861236,48.0503715,47.0549215,47.18433,36663288,1744702932.6
2023-11-13,002230,48.1300075,50.5389965,47.602419,49.414138,82261899,4082429221.72
2023-11-14,002230,49.732682,50.1209075,48.7870045,49.6829095,50944338,2528928369.77
2023-11-15,002230,50.688314,51.624037,49.872045,50.17068,59030600,2995728064.58
2023-11-16,002230,49.7426365,50.071135,49.0060035,49.035867,36481102,1811833102.86
2023-11-17,002230,48.77705,49.533592,48.438597,48.97614,33544720,1645522512.21
2023-11-20,002230,48.9462765,49.9616355,48.5879145,49.4440015,41871439,2075089061.05
2023-11-21,002230,49.4639105,49.8222725,48.498324,48.7670955,34089919,1681696828.24
2023-11-22,002230,48.4485515,48.677505,47.58251,47.58251,30504504,1472893053.34
2023-11-23,002230,48.1300075,48.279325,46.5970145,47.6721005,28782945,1368506274.44
2023-11-24,002230,48.1499165,48.2494615,45.671246,46.168971,45558883,2123672470.62
2023-11-27,002230,45.551792,46.0594715,45.292975,45.5020195,29506216,1349554686.69
2023-11-28,002230,45.4821105,45.6015645,44.9445675,45.472156,23444841,1065784415.78
2023-11-29,002230,45.4422925,45.5617465,44.695705,44.854977,25762725,1165500799.5
2023-11-30,002230,44.675796,44.974431,44.138253,44.5463875,25623859,1146262284.47
2023-12-01,002230,44.5264785,47.5526465,44.2477525,46.965331,66237484,3065953180.97
2023-12-04,002230,46.9553765,47.841327,46.507424,47.0549215,44598034,2118696778.99
2023-12-05,002230,46.6169235,46.8558315,45.2033845,45.2432025,35072820,1616288005.47
2023-12-06,002230,45.19343,45.711064,44.7056595,45.173521,28617688,1297242380.4
2023-12-07,002230,45.173521,47.7716455,44.99434,46.865786,63987676,2986958509.06
2023-12-08,002230,47.084785,49.234957,46.6368325,48.2295525,77279041,3715949063.91
2023-12-11,002230,47.761691,49.7227275,47.423238,49.434047,63977516,3128807139.99
2023-12-12,002230,49.17523,49.7725,48.77705,49.2648205,43416030,2146854944.25
2023-12-13,002230,49.274775,49.891954,48.657596,48.677505,42982871,2128353192.29
2023-12-14,002230,48.996049,49.8819995,48.6476415,48.677505,40717470,2012544097.66
2023-12-15,002230,48.956231,49.155321,47.622328,48.120053,33042865,1601000425.38
2023-12-18,002230,47.7816,48.2295525,46.9553765,47.1146485,29964423,1430155291.2
2023-12-19,002230,47.044967,48.458506,46.6766505,47.960781,31209342,1495787816.17
2023-12-20,002230,47.920963,48.0304625,46.089335,46.1191985,32969330,1547195121.8
2023-12-21,002230,45.7807455,47.443147,45.7807455,46.9155585,29692678,1394451372.82
2023-12-22,002230,46.726423,47.0350125,45.4622015,45.750882,32162154,1488194457.26
2023-12-25,002230,45.9001995,47.38342,45.671246,46.427788,27824108,1298745337.15
2023-12-26,002230,46.2187435,46.268516,44.6061145,44.9644765,30506154,1380736139.48
2023-12-27,002230,45.0042945,45.173521,44.5264785,44.8450225,25863618,1164934535.32
2023-12-28,002230,44.8052045,46.089335,44.0685715,45.8404725,40894581,1860358253.22
2023-12-29,002230,45.8404725,46.447697,45.7011095,46.168971,33360328,1545400716.24
2024-01-02,002230,46.1391075,46.2187435,44.854977,44.894795,30823658,1402697764.94
2024-01-03,002230,44.79525,44.8450225,42.4758515,43.083076,57593644,2513704705.59
2024-01-04,002230,42.80435,42.903895,41.350993,41.510265,47430077,1989797106.61
2024-01-05,002230,41.6794915,41.7193095,40.4650425,40.753723,36701974,1515018364.49
2024-01-08,002230,40.634269,40.793541,39.778182,39.8279545,30740082,1237026254.93
2024-01-09,002230,39.8279545,40.315725,39.519365,39.977272,30064101,1204613669.0
2024-01-10,002230,39.818,40.116635,38.603551,39.22073,34512052,1363231586.4
2024-01-11,002230,39.22073,40.893086,39.22073,40.634269,43825597,1775118929.58
2024-01-12,002230,40.41527,40.6641325,39.917545,40.0071355,24980138,1011210840.68
2024-01-15,002230,39.818,40.61436,39.4695925,39.698546,26771173,1074969853.76
2024-01-16,002230,39.61891,39.7682275,38.9519585,39.7682275,30257794,1195313411.32
2024-01-17,002230,39.9474085,40.0071355,39.001731,39.001731,25250180,1001958258.98
2024-01-18,002230,38.703096,39.877727,38.304916,39.837909,43138183,1687765602.79
2024-01-19,002230,39.678637,39.997181,39.02164,39.1709575,26035163,1033864358.62
2024-01-22,002230,39.718455,39.8080455,37.7176005,38.105826,37725775,1473331114.54
2024-01-23,002230,37.926645,41.9183995,37.6976915,41.9183995,105142255,4299831645.94
2024-01-24,002230,41.5401285,42.266807,40.6840415,42.20708,78055437,3262509818.66
2024-01-25,002230,41.7790365,42.704805,41.151903,42.40617,67127371,2833551980.41
2024-01-26,002230,41.9980355,42.525624,41.5998555,41.649628,45240547,1905600546.1
2024-01-29,002230,41.6396735,41.888536,40.21618,40.2261345,44320020,1813963671.44
2024-01-30,002230,41.1021305,43.00344,40.7238595,40.952813,74398815,3127719708.39
2024-01-31,002230,41.6794915,41.8089,38.125735,38.22528,70080427,2772273053.46
2024-02-01,002230,37.7375095,42.047808,37.22983,40.8034955,97407555,3974416952.21
2024-02-02,002230,40.693996,41.2614025,38.5537785,39.718455,71250422,2854131196.53
2024-02-05,002230,39.41982,41.191721,38.1157805,39.3103205,75735070,3026060897.06
2024-02-06,002230,37.8768725,41.4804015,37.8370545,41.01254,76951141,3083095860.34
2024-02-07,002230,41.311175,42.386261,40.41527,41.8089,70814124,2970325569.82
2024-02-08,002230,42.326534,43.680346,42.00799,43.3518475,69832843,3014847521.24
2024-02-19,002230,45.691155,46.7363775,44.496615,46.328243,103055020,4735696685.13
2024-02-20,002230,45.750882,45.890245,44.99434,45.253157,61915475,2824688878.27
2024-02-21,002230,44.456797,45.7409275,44.217889,44.815159,56554637,2558770829.17
2024-02-22,002230,45.6812005,47.3734655,45.6812005,46.1391075,84005364,3913018471.55
2024-02-23,002230,46.487515,46.567151,45.492065,46.1191985,53454014,2467860762.75
2024-02-26,002230,46.766241,47.6521915,45.9997445,46.7761955,75091250,3552386990.55
2024-02-27,002230,46.4775605,49.7725,45.98979,49.593319,107787128,5205401506.06
2024-02-28,002230,49.6231825,50.210498,47.343602,47.38342,97744520,4801975084.28
2024-02-29,002230,47.2341025,49.334502,47.084785,49.1652755,76707104,3745382146.05
2024-03-01,002230,49.6430915,53.2466205,49.57341,52.3308065,125775034,6469301927.37
2024-03-04,002230,52.3308065,52.977849,51.2756295,52.0918985,83211122,4354463065.52
2024-03-05,002230,51.7634,54.092753,51.345311,52.2710795,108417973,5733892174.52
2024-03-06,002230,51.843036,52.55976,51.046676,51.823127,68547583,3564670575.1
2024-03-07,002230,52.042126,52.420397,49.7725,50.0412715,71449754,3653219665.48
2024-03-08,002230,50.1009985,50.96704,49.593319,50.5788145,54417611,2743988245.43
2024-03-11,002230,49.7824545,51.4548105,49.37432,51.2557205,55015958,2806010724.92
2024-03-12,002230,51.56431,51.6937185,50.250316,50.5589055,50519038,2577357012.45
2024-03-13,002230,50.96704,51.2756295,50.36977,50.608678,49004331,2503005587.07
2024-03-14,002230,50.210498,50.7181775,49.2847295,49.931772,44851700,2250782178.02
2024-03-15,002230,49.7725,50.548951,49.095594,50.449406,46488105,2329374241.2
2024-03-18,002230,50.648496,51.36522,50.1408165,51.16613,54437525,2778838601.88
2024-03-19,002230,50.96704,50.986949,50.270225,50.270225,37540191,1908636867.46
2024-03-20,002230,50.1806345,52.519942,50.17068,51.6937185,83376829,4322106154.99
2024-03-21,002230,51.7634,53.9036175,51.4548105,51.9923535,85275698,4508630769.47
2024-03-22,002230,51.56431,51.862945,50.4593605,50.847586,53521259,2743200512.05
2024-03-25,002230,50.8376315,51.2756295,48.77705,48.8865495,61296449,3084200384.44
2024-03-26,002230,48.77705,49.2449115,47.38342,47.801509,53876297,2616125721.22
2024-03-27,002230,47.9707355,48.0105535,45.611519,45.6413825,50491238,2355620401.31
2024-03-28,002230,45.691155,50.150771,45.6812005,49.394229,92872321,4526925938.11
2024-03-29,002230,49.234957,49.234957,47.682055,48.498324,44348424,2151907216.77
2024-04-01,002230,48.77705,49.653046,48.3888245,49.3046385,38689591,1907298707.71
2024-04-02,002230,49.1055485,49.17523,48.1300075,48.57796,29574103,1442346739.63
2024-04-03,002230,48.3290975,48.37887,46.9752855,47.443147,27837800,1327508958.23
2024-04-08,002230,47.4531015,47.5526465,46.5372875,46.78615,23513807,1112413773.11
2024-04-09,002230,46.78615,47.025058,45.9997445,46.945422,24405513,1141061367.69
2024-04-10,002230,46.945422,46.945422,45.3228385,45.691155,30467164,1402934209.23
2024-04-11,002230,45.691155,47.1544665,45.691155,46.1988345,34301815,1605407058.21
2024-04-12,002230,46.3381975,47.0350125,45.770791,45.7907,26251238,1218284216.41
2024-04-15,002230,45.7907,46.3182885,45.0441125,45.571701,30959065,1422056166.3
2024-04-16,002230,45.3427475,46.9354675,45.173521,45.372611,37823180,1745807596.73
2024-04-17,002230,45.671246,46.925513,45.3626565,46.865786,42750619,1995178992.1
2024-04-18,002230,46.487515,46.825968,45.8006545,46.248607,31903146,1483450795.93
2024-04-19,002230,45.770791,45.9798355,43.8097545,44.39707,50169258,2249786097.64
2024-04-22,002230,43.60071,44.2875705,42.1772165,44.078526,31833980,1396084380.45
2024-04-23,002230,42.963622,43.043258,40.554633,41.7790365,74606104,3125688750.85
2024-04-24,002230,41.8089,43.3518475,41.331084,43.222439,50424409,2145737662.01
2024-04-25,002230,42.585351,43.083076,42.3364885,42.784441,27843650,1196362039.7
2024-04-26,002230,42.80435,44.456797,42.80435,44.1482075,43462840,1923457903.76
2024-04-29,002230,44.655887,46.129153,44.6260235,45.3029295,49137691,2242163727.24
2024-04-30,002230,45.19343,45.750882,44.59616,44.9047495,30700043,1390958193.08
2024-05-06,002230,45.98979,46.168971,45.073976,45.3228385,32970816,1511083060.52
2024-05-07,002230,45.3228385,46.288425,44.9843855,45.39252,34960605,1603512581.64
2024-05-08,002230,44.9246585,44.9445675,44.038708,44.138253,25141851,1120042263.36
2024-05-09,002230,44.158162,44.735523,44.0088445,44.4667515,21163868,943652777.39
2024-05-10,002230,44.2477525,44.536433,43.461347,43.5509375,27793201,1221496329.62
2024-05-13,002230,43.7998,44.576251,43.2124845,43.899345,26623881,1174415539.08
2024-05-14,002230,44.536433,44.6459325,43.1726665,43.3319385,32065815,1403404127.84
2024-05-15,002230,43.0731215,43.302075,42.6749415,42.80435,17729395,764687681.69
2024-05-16,002230,43.023349,43.262257,42.485806,42.645078,27344660,1176530647.75
2024-05-17,002230,42.505715,43.00344,42.20708,42.9934855,20756576,890805149.51
2024-05-20,002230,43.00344,43.7898455,42.80435,43.40162,26934161,1173959994.84
2024-05-21,002230,43.40162,43.540983,43.102985,43.1925755,16676341,725208950.65
2024-05-22,002230,43.3916655,43.9889355,42.883986,43.6703915,26678827,1166808641.18
2024-05-23,002230,43.680346,43.899345,42.3563975,42.4559425,31315212,1347106990.58
2024-05-24,002230,42.2170345,42.5953055,41.60981,41.60981,23740396,1001070056.24
2024-05-27,002230,41.6197645,42.0179445,41.092176,41.968172,19087793,795183578.18
2024-05-28,002230,41.9183995,41.9183995,40.8831315,40.952813,21409973,886179045.74
2024-05-29,002230,41.311175,42.00799,40.893086,41.0025855,19449755,805475130.42
2024-05-30,002230,40.992631,42.107535,40.514815,41.788991,28263842,1178250704.16
2024-05-31,002230,41.788991,42.505715,41.6396735,42.00799,21900501,926997634.25
2024-06-03,002230,42.0179445,42.306625,41.709355,42.047808,16768471,707652143.79
2024-06-04,002230,42.0577625,42.246898,41.390811,41.968172,17303100,725158649.88
2024-06-05,002230,41.9980355,42.6749415,41.8586725,42.1573075,21796672,927499355.52
2024-06-06,002230,42.2369435,42.9536675,41.709355,41.788991,27641436,1172912506.92
2024-06-07,002230,41.888536,42.1373985,40.81345,41.3211295,22503319,934234340.02
2024-06-11,002230,41.331084,41.7989455,40.713905,41.6197645,19941526,829603223.84
2024-06-12,002230,41.8089,43.102985,41.7193095,42.7346685,34307761,1471592381.31
2024-06-13,002230,42.704805,43.0532125,42.3563975,42.883986,27127691,1166443888.45
2024-06-14,002230,42.883986,43.302075,42.3563975,43.20253,31506275,1361269828.73
2024-06-17,002230,43.1129395,43.282166,42.40617,42.704805,27680057,1191284893.58
2024-06-18,002230,42.724714,44.0088445,42.6550325,43.40162,36472607,1595421413.76
2024-06-19,002230,43.321984,43.441438,42.80435,42.844168,20179348,871983818.61
2024-06-20,002230,42.60526,42.744623,41.8984905,41.908445,23038986,978348751.75
2024-06-21,002230,41.749173,42.645078,41.4206745,42.5355785,19685199,833298518.42
2024-06-24,002230,42.286716,42.4559425,41.2414935,41.291266,22663753,949940829.23
2024-06-25,002230,41.8089,42.3763065,40.8632225,41.3211295,21913579,915077012.08
2024-06-26,002230,42.00799,45.213339,41.629719,44.556342,86661284,3794111586.47
2024-06-27,002230,44.1880255,44.4667515,42.844168,42.943713,54612205,2394587348.5
2024-06-28,002230,43.00344,43.262257,42.485806,42.7545775,48399169,2085958468.78
2024-07-01,002230,42.645078,43.540983,42.20708,43.2921205,38552865,1667621073.81
2024-07-02,002230,43.043258,43.680346,42.4758515,42.6351235,32052764,1385605000.29
2024-07-03,002230,42.60526,42.6351235,41.2215845,41.868627,27726057,1163070557.19
2024-07-04,002230,41.9781265,42.127444,40.9229495,40.9229495,26895350,1119274857.86
2024-07-05,002230,41.0127858,41.28221286,40.1146956,41.1125736,23252223,949364091.53
2024-07-08,002230,40.32424998,40.32424998,38.29855764,38.6178786,48149503,1878697888.54
2024-07-09,002230,38.60789982,39.0170298,37.8195762,38.917242,39902345,1541676079.18
2024-07-10,002230,38.85736932,39.54590514,38.54802714,38.77753908,25694268,1006234460.23
2024-07-11,002230,39.416181,39.53592636,38.99707224,39.1667115,26667686,1048726610.86
2024-07-12,002230,38.98709346,39.14675394,38.53804836,38.57796348,24251904,941637921.38
2024-07-15,002230,38.53804836,38.53804836,37.8195762,38.04908814,21018422,802398432.34
2024-07-16,002230,38.04908814,39.1168176,37.8195762,38.92722078,29607370,1146196747.15
2024-07-17,002230,38.93719956,39.5159688,38.77753908,38.83741176,23174706,906726163.05
2024-07-18,002230,38.40832422,38.6178786,37.6200006,38.60789982,29012681,1107927015.25
2024-07-19,002230,38.23868496,39.416181,38.19876984,39.2166054,28657184,1122935318.37
2024-07-22,002230,39.2166054,40.09473804,39.2166054,39.55588392,29780869,1184481261.77
2024-07-23,002230,39.416181,39.42615978,38.49813324,38.49813324,21004948,821038117.89
2024-07-24,002230,38.44823934,38.99707224,38.09898204,38.25864252,19248380,743298128.16
2024-07-25,002230,38.1189396,38.62785738,37.92934278,38.33847276,15463746,594035953.16
2024-07-26,002230,38.38836666,38.72764518,38.14887594,38.57796348,14964954,576447431.67
2024-07-29,002230,38.6178786,38.77753908,38.32849398,38.52806958,11470720,443251494.85
2024-07-30,002230,38.52806958,38.70768762,38.12891838,38.67775128,13390021,515505361.72
2024-07-31,002230,38.60789982,39.73550196,38.48815446,39.63571416,28158340,1111355252.83
2024-08-01,002230,39.64569294,39.79537464,39.13677516,39.17669028,20544843,810990833.26
2024-08-02,002230,38.89728444,39.40620222,38.6677725,38.78751786,15724777,613826144.05
2024-08-05,002230,38.3185152,39.03698736,37.79961864,37.8195762,24101401,924062574.83
2024-08-06,002230,38.08900326,38.25864252,35.1253056,36.34271676,50868923,1850530614.16
2024-08-07,002230,36.35269554,36.7718043,36.1231836,36.38263188,21856753,798025323.41
2024-08-08,002230,36.03337458,36.34271676,35.46458412,36.0732897,19705617,708703937.08
2024-08-09,002230,36.2229714,36.4724409,35.78390508,35.8238202,13199724,476915203.61
2024-08-12,002230,35.80386264,35.81384142,33.7282764,34.63634538,33142321,1154457791.4
2024-08-13,002230,34.7261544,35.01553902,34.426791,34.84589976,16609387,577006706.3
2024-08-14,002230,34.84589976,34.92573,34.43676978,34.59643026,13188921,458029118.24
2024-08-15,002230,34.5265788,35.16522072,34.15736394,34.60640904,21328123,741380013.89
2024-08-16,002230,34.59643026,34.7760483,34.33698198,34.38687588,13464535,465800730.55
2024-08-19,002230,34.3768971,34.66628172,34.29706686,34.43676978,14621461,505417292.03
2024-08-20,002230,34.44674856,34.56649392,33.69834006,33.94780956,17091654,582122637.15
2024-08-21,002230,33.89791566,34.61638782,33.428913,33.927852,17042519,582822375.87
2024-08-22,002230,33.9777459,34.41681222,32.96988912,33.00980424,24729453,829677239.42
2024-08-23,002230,32.929974,33.9777459,32.8800801,33.85800054,25052367,843483506.99
2024-08-26,002230,33.86797932,34.25715174,33.73825518,33.927852,14481535,492683558.65
2024-08-27,002230,33.83804298,33.86797932,33.1295496,33.25927374,14814838,495164434.38
2024-08-28,002230,33.21935862,33.428913,32.59069548,33.24929496,15425333,510333309.03
2024-08-29,002230,32.9798679,33.84802176,32.91999522,33.51872202,16625988,558439384.53
2024-08-30,002230,33.50874324,34.6762605,33.43889178,34.31702442,28409323,978243498.11
2024-09-02,002230,34.426791,34.45672734,33.31914642,33.31914642,20065696,678010654.78
2024-09-03,002230,33.3291252,34.20725784,33.23931618,34.01766102,20415570,692972144.62
2024-09-04,002230,33.65842494,34.04759736,33.60853104,33.80810664,11688344,396415615.28
2024-09-05,002230,33.81808542,34.3768971,33.73825518,34.1773215,14346518,490117795.76
2024-09-06,002230,34.2771093,34.68623928,33.81808542,33.927852,19424574,667682294.44
2024-09-09,002230,33.8280642,34.1773215,33.428913,33.58857348,13268707,448339327.74
2024-09-10,002230,33.60853104,34.35693954,33.18942228,34.08751248,16748292,566933119.34
2024-09-11,002230,34.05757614,34.426791,33.88793688,34.26713052,14948315,512893609.24
2024-09-12,002230,34.40683344,34.7760483,34.00768224,34.00768224,14255151,491054536.27
2024-09-13,002230,34.1274276,34.3270032,33.7282764,33.74823396,13073080,445507613.86
2024-09-18,002230,33.75821274,33.8779581,33.33910398,33.76819152,11051861,371853924.41
2024-09-19,002230,33.927852,34.69621806,33.53867958,34.50662124,25135461,864006380.85
2024-09-20,002230,34.51660002,34.70619684,34.29706686,34.61638782,18352544,634556172.06
2024-09-23,002230,34.61638782,35.30492364,34.55651514,34.73613318,20131748,704323144.53
2024-09-24,002230,34.84589976,35.7739263,34.2771093,35.7739263,37954328,1339333538.01
2024-09-25,002230,36.04335336,37.38050988,36.04335336,36.30280164,48058528,1769655936.63
2024-09-26,002230,36.30280164,37.49027646,36.10322604,37.49027646,38043638,1406537750.87
2024-09-27,002230,38.1688335,40.912998,38.1688335,40.3142712,74378654,2950486696.47
2024-09-30,002230,42.29006964,44.34569832,42.17032428,44.34569832,110559772,4828743059.34
2024-10-08,002230,48.77627664,48.77627664,45.902388,48.77627664,137813583,6678014043.65
2024-10-09,002230,48.77627664,50.03360292,45.97223946,46.87032966,144300702,6942143622.88
2024-10-10,002230,46.87032966,47.5987806,43.81682298,44.64506172,94711110,4293400007.06
2024-10-11,002230,44.28582564,44.39559222,42.29006964,42.81894498,59485159,2568282971.02
2024-10-14,002230,42.81894498,43.56735348,42.05057892,43.5573747,53732497,2313967453.92
2024-10-15,002230,43.5074808,44.6550405,42.91873278,42.9586479,54286563,2385162817.04
2024-10-16,002230,42.15036672,43.46756568,41.97074868,42.908754,32935771,1412525057.12
2024-10-17,002230,43.2081174,45.54315192,43.0085418,44.3057832,79848642,3534829720.46
2024-10-18,002230,43.91661078,47.40918378,42.9586479,45.73274874,112878222,5100644027.33
2024-10-21,002230,46.12192116,46.900266,45.73274874,46.08200604,95626350,4441628408.26
2024-10-22,002230,45.902388,46.2017514,45.02425536,45.4533429,55342974,2516923851.23
2024-10-23,002230,45.403449,45.902388,45.04421292,45.48327924,45149911,2059996997.27
2024-10-24,002230,45.51321558,45.6529185,44.68497684,44.71491318,37681320,1697958586.56
2024-10-25,002230,45.3535551,45.71279118,45.07414926,45.38349144,41053888,1866511888.57
2024-10-28,002230,45.6529185,46.0021758,45.3036612,45.5531307,39844756,1821071794.77
2024-10-29,002230,45.74272752,47.31937476,45.0541917,45.81257898,81010326,3752782509.07
2024-10-30,002230,45.5032368,46.23168774,44.90451,45.4533429,47383812,2160674500.0
2024-10-31,002230,45.4533429,46.4512209,44.6051466,45.8524941,64000431,2930889740.24
2024-11-01,002230,45.86247288,47.08986282,44.67499806,44.68497684,60443706,2752387532.03
2024-11-04,002230,44.34569832,46.01215458,43.64718372,45.33359754,48351023,2180904470.49
2024-11-05,002230,45.403449,46.99007502,45.03423414,46.69071162,92624548,4303433742.31
2024-11-06,002230,46.7006904,48.78625542,46.5510087,47.68858962,110341760,5284244456.3
2024-11-07,002230,46.900266,49.2951732,46.3015392,48.5966586,101427309,4836029294.38
2024-11-08,002230,49.12553394,50.2930512,47.98795302,48.0977196,107426945,5288687968.71
2024-11-11,002230,47.898144,51.71003796,47.73848352,51.2410353,162826834,8227981097.01
2024-11-12,002230,50.891778,51.0913536,48.67648884,49.17542784,110434710,5508650546.34
2024-11-13,002230,48.56672226,54.09496638,48.37712544,54.09496638,224644282,11740730573.67
2024-11-14,002230,54.47416002,55.0329717,52.2888072,52.57819182,195114568,10529295828.15
2024-11-15,002230,52.86757644,56.380107,52.82766132,52.95738546,189928635,10385019896.25
2024-11-18,002230,53.86545444,54.2346693,47.65865328,48.2474013,165442716,8207257821.05
2024-11-19,002230,47.1996294,47.95801668,45.51321558,47.65865328,128943053,6044962784.12
2024-11-20,002230,47.68858962,49.77415464,47.36926866,49.0457037,104671294,5131498448.8
2024-11-21,002230,48.896022,51.07139604,48.08774082,49.9437939,101276737,5056707843.69
2024-11-22,002230,49.5945366,52.2389133,48.5966586,48.81619176,133218125,6760262845.02
2024-11-25,002230,50.0435817,50.67224484,46.91024478,48.68646762,90911483,4388962799.91
2024-11-26,002230,47.90812278,48.77627664,46.900266,46.94018112,63659832,3040706028.66
2024-11-27,002230,46.82043576,48.397083,46.38136944,48.37712544,65878381,3120429633.99
2024-11-28,002230,48.397083,49.07564004,47.66863206,47.71852596,58074797,2811825526.66
2024-11-29,002230,47.399205,52.41853134,47.30939598,51.20112018,155844163,7856545954.11
2024-12-02,002230,50.891778,51.38073822,50.392839,51.0414597,87295210,4453201552.35
2024-12-03,002230,51.0414597,51.28095042,49.25525808,49.77415464,76900285,3859608599.73
2024-12-04,002230,49.96375146,50.65228728,49.30515198,49.77415464,67458177,3375035117.87
2024-12-05,002230,49.87394244,51.97946502,49.87394244,51.1911414,93918221,4840352155.65
2024-12-06,002230,52.26884964,52.81768254,50.77203264,51.71003796,87702554,4551823404.48
2024-12-09,002230,51.72999552,54.09496638,51.72999552,52.56821304,91582247,4861529162.2
2024-12-10,002230,54.09496638,56.6794704,52.67797962,54.39432978,152641172,8345556960.77
2024-12-11,002230,53.80558176,53.92532712,52.3387011,53.09708838,81031303,4307642434.93
2024-12-12,002230,52.887534,53.6858364,51.7399743,52.21895574,73388309,3850817468.09
2024-12-13,002230,51.889656,52.5382767,50.75207508,50.86184166,68369835,3536434086.83
2024-12-16,002230,50.891778,51.390717,50.10345438,50.392839,46652651,2364113041.7
2024-12-17,002230,50.1932634,50.80196898,49.60451538,49.83402732,43940461,2208399716.99
2024-12-18,002230,49.90387878,50.9915658,49.50472758,50.4926268,44409009,2239341387.61
2024-12-19,002230,49.8939,51.74995308,49.7442183,51.48052602,60221003,3076032671.5
2024-12-20,002230,51.18116262,52.388595,50.88179922,51.6401865,60396855,3124270596.75
2024-12-23,002230,51.66014406,51.6900804,50.0435817,50.13339072,46323866,2353131611.46
2024-12-24,002230,50.13339072,50.392839,49.35504588,50.17330584,42544548,2124543802.48
2024-12-25,002230,50.13339072,50.83190532,49.60451538,49.76417586,35629235,1787460600.65
2024-12-26,002230,49.76417586,51.17118384,49.66438806,50.6922024,42953883,2181236822.34
2024-12-27,002230,50.51258436,51.13126872,49.6943244,49.85398488,46529395,2352838833.53
2024-12-30,002230,49.70430318,50.891778,48.70642518,49.9936878,47296657,2366736371.79
2024-12-31,002230,49.9936878,50.48264802,48.1975074,48.21746496,51430074,2521599846.29
2025-01-02,002230,47.91810156,48.11767716,45.902388,46.2017514,55514657,2609222544.05
2025-01-03,002230,46.36141188,46.52107236,44.34569832,44.37563466,52476776,2373980682.42
2025-01-06,002230,44.3057832,45.31363998,43.92658956,44.3057832,29570815,1316446929.36
2025-01-07,002230,44.4554649,45.14400072,44.2059954,45.11406438,32791879,1471804892.52
2025-01-08,002230,44.91448878,45.403449,43.63720494,44.99431902,42800895,1913404367.75
2025-01-09,002230,44.88455244,45.99219702,44.72489196,45.31363998,34101338,1553088702.07
2025-01-10,002230,45.403449,46.0021758,44.7049344,44.7049344,34920089,1587914511.83
2025-01-13,002230,44.18603784,45.902388,43.93656834,45.03423414,40761350,1842694015.9
2025-01-14,002230,45.1539795,47.06990526,44.79474342,46.91024478,57814700,2682180974.02
2025-01-15,002230,47.01003258,47.2994172,46.2516453,46.39134822,38280576,1787118742.21
2025-01-16,002230,46.88030844,49.70430318,46.86035088,48.05780448,87361768,4248842232.02
2025-01-17,002230,47.66863206,48.48689202,47.55886548,47.82829254,41741262,2005915067.97
2025-01-20,002230,48.40706178,48.58667982,47.55886548,47.70854718,34576759,1660325358.68
2025-01-21,002230,47.98795302,48.18752862,47.399205,48.06778326,34858794,1673157962.59
2025-01-22,002230,48.0977196,48.2474013,47.57882304,47.68858962,29033948,1393303243.2
2025-01-23,002230,48.1975074,48.88604322,47.2495233,47.25950208,41005970,1974108700.15
2025-01-24,002230,47.2495233,50.38286022,47.1497355,49.71428196,89496034,4401497976.65
2025-01-27,002230,52.06927404,52.0892316,49.9936878,50.57245704,104183991,5310111058.35
2025-02-05,002230,52.887534,54.88329,52.887534,54.31449954,160069853,8669412282.62
2025-02-06,002230,53.27670642,54.87331122,52.89751278,54.4841388,112012534,6070443551.43
2025-02-07,002230,54.37437222,55.57182582,53.3365791,54.1847754,134241129,7332974004.39
2025-02-10,002230,54.75356586,55.75144386,54.10494516,54.92320512,97813641,5379572636.65
2025-02-11,002230,54.80345976,54.92320512,53.6858364,53.79560298,82880178,4507529027.79
2025-02-12,002230,53.7357303,54.384351,53.49623958,53.97522102,59170308,3195595243.57
2025-02-13,002230,53.97522102,54.1348815,52.4883828,52.66800084,71903315,3827816345.0
2025-02-14,002230,52.66800084,54.62384172,52.0393377,54.46418124,100408661,5401839661.49
2025-02-17,002230,55.16269584,56.00091336,54.31449954,54.9331839,96730635,5344949698.85
2025-02-18,002230,54.96312024,56.380107,53.49623958,53.70579396,84194849,4627403670.47
2025-02-19,002230,53.7856242,54.70367196,53.27670642,54.30452076,59620858,3238198384.73
2025-02-20,002230,54.39432978,54.77352342,53.1868974,53.50621836,60132595,3247555519.24
2025-02-21,002230,53.7856242,55.86121044,53.61598494,55.4820168,112183343,6165845053.02
2025-02-24,002230,55.74146508,59.24401686,55.0828656,57.3280911,137430781,7916747728.77
2025-02-25,002230,55.881168,56.5796826,55.382229,55.50197436,84354602,4720261616.31
2025-02-26,002230,55.55186826,55.84125288,54.62384172,55.2325473,62457964,3451125967.28
2025-02-27,002230,55.59178338,56.6794704,53.386473,54.20473296,76704222,4203173119.82
2025-02-28,002230,53.86545444,54.21471174,51.390717,51.6900804,77489598,4079255568.98
2025-03-03,002230,51.9894438,52.35865866,50.96162946,51.35080188,45800948,2375722060.83
2025-03-04,002230,51.35080188,51.81980454,51.12128994,51.4905048,41752768,2152846784.04
2025-03-05,002230,51.62022894,51.8397621,50.98158702,51.68010162,37823740,1949179854.78
2025-03-06,002230,52.41853134,53.46630324,52.29878598,53.17691862,66154295,3509240582.1
2025-03-07,002230,53.17691862,53.37649422,51.99942258,52.25887086,47677146,2517897872.2
2025-03-10,002230,53.24677008,53.46630324,51.48052602,52.0393377,41724953,2183869975.35
2025-03-11,002230,51.2909292,51.87967722,51.16120506,51.86969844,33967099,1754035242.8
2025-03-12,002230,52.44846768,52.57819182,51.67012284,51.6900804,37360145,1949679907.87
2025-03-13,002230,51.71003796,52.16906184,50.2431573,50.392839,41843454,2134423756.56
2025-03-14,002230,50.392839,51.2909292,50.32298754,51.1412475,34591159,1763592318.95
2025-03-17,002230,51.15122628,51.28095042,50.7420963,50.82192654,28514198,1455592092.84
2025-03-18,002230,50.9915658,51.390717,50.71215996,50.85186288,26687380,1362468542.12
2025-03-19,002230,50.7919902,50.83190532,49.75419708,50.05356048,37116722,1861842582.33
2025-03-20,002230,49.97373024,49.97373024,49.43487612,49.47479124,32390876,1612015023.17
2025-03-21,002230,49.46481246,49.46481246,48.36714666,48.43699812,35214755,1721864457.59
2025-03-24,002230,48.43699812,48.98583102,47.91810156,48.83614932,33733977,1641220380.53
2025-03-25,002230,48.83614932,48.83614932,47.9979318,48.06778326,22070797,1068106343.38
2025-03-26,002230,48.0977196,48.397083,47.9979318,48.15759228,15793967,762949223.8
2025-03-27,002230,48.0977196,48.48689202,47.62871694,48.17754984,18538149,893708231.45
2025-03-28,002230,48.1975074,48.2972952,47.6985684,47.70854718,17450692,838234993.62
2025-03-31,002230,47.46905646,47.67861084,46.79049942,47.46905646,22733083,1075276311.9
2025-04-01,002230,47.55886548,48.4968708,47.55886548,47.9480379,21952614,1057841329.43
2025-04-02,002230,47.95801668,48.32723154,47.6985684,48.1476135,15122705,729023549.42
2025-04-03,002230,47.898144,48.27733764,47.77839864,48.10769838,16168300,778357630.68
2025-04-07,002230,45.1539795,45.7028124,43.29792642,43.29792642,50661652,2236916751.16
2025-04-08,002230,42.97860546,43.66714128,41.411937,42.69919962,57554111,2453207609.77
2025-04-09,002230,41.84102454,43.5573747,41.1125736,43.34782032,50609420,2163598135.04
2025-04-10,002230,44.23593174,45.0042978,43.6072686,44.06629248,41395115,1840316218.35
2025-04-11,002230,43.78688664,44.77478586,43.6571625,44.43550734,28557793,1266631309.15
2025-04-14,002230,44.94442512,45.34357632,44.57521026,44.66501928,24037204,1081151388.4
2025-04-15,002230,44.57521026,44.7548283,44.06629248,44.27584686,15768315,699705105.95
2025-04-16,002230,44.11618638,44.21597418,43.3577991,44.14612272,19350855,850297554.25
2025-04-17,002230,43.906632,44.58518904,43.86671688,44.0563137,17207622,763258127.92
2025-04-18,002230,43.89665322,44.4554649,43.6571625,44.39559222,16340086,722500722.01
2025-04-21,002230,44.405571,45.28370364,44.01639858,45.28370364,22377472,1006600035.55
2025-04-22,002230,45.28370364,45.68285484,44.3556771,45.08412804,31395179,1411384326.92
2025-04-23,002230,45.43338534,45.7028124,44.71491318,45.0042978,25404487,1148098974.09
2025-04-24,002230,45.2038734,45.902388,44.93444634,45.09410682,33767494,1535934606.89
2025-04-25,002230,45.23380974,45.7527063,45.0541917,45.39347022,19837338,901025747.15
2025-04-28,002230,45.7527063,46.56098748,45.6030246,45.7527063,27133435,1248564819.76
2025-04-29,002230,45.7527063,46.0021758,45.38349144,45.89240922,18703057,858987436.86
2025-04-30,002230,46.0021758,47.05992648,45.902388,46.83041454,30813362,1442945387.89
2025-05-06,002230,47.11979916,47.76841986,47.05992648,47.67861084,34097359,1621584079.24
2025-05-07,002230,48.25738008,48.28731642,47.2495233,47.5987806,28735174,1372945863.72
2025-05-08,002230,47.399205,48.3471891,47.30939598,48.15759228,24941215,1200677559.37
2025-05-09,002230,47.898144,47.898144,46.900266,47.36926866,23849668,1131262280.71
2025-05-12,002230,47.45907768,47.83827132,47.30939598,47.5987806,20020694,954163188.65
2025-05-13,002230,47.9979318,48.07776204,47.30939598,47.56884426,19528250,932352337.74
2025-05-14,002230,47.57882304,47.85822888,47.1497355,47.65865328,19757045,939830221.64
2025-05-15,002230,47.66863206,47.6985684,46.7006904,46.900266,20430005,964414027.45
2025-05-16,002230,46.6507965,47.01003258,46.51109358,46.72064796,13076678,612787599.64
2025-05-19,002230,46.6009026,47.0000538,46.27160286,46.93020234,12857366,601711592.27
2025-05-20,002230,46.83041454,47.21958696,46.59092382,47.20960818,12810250,603152377.5
2025-05-21,002230,47.13975672,47.38922622,46.42128456,46.54102992,17901572,838882260.11
2025-05-22,002230,46.3514331,47.05992648,46.2516453,46.61088138,14630696,684520476.78
2025-05-23,002230,46.43126334,46.8503721,45.91236678,45.94230312,16991550,789289349.52
2025-05-26,002230,45.93232434,46.26162408,45.86247288,46.02213336,11914086,549763485.41
2025-05-27,002230,45.99219702,46.19177262,45.6030246,45.72276996,11892981,546209521.3
2025-05-28,002230,45.73274874,45.9522819,45.31363998,45.41342778,10519784,479582351.9
2025-05-29,002230,45.42340656,46.6009026,45.41342778,46.58094504,19895041,922242364.77
2025-05-30,002230,46.26162408,46.49113602,45.92234556,45.93232434,13419432,619392562.72
2025-06-03,002230,46.36141188,48.11767716,46.2017514,47.77839864,49798647,2382244229.1
2025-06-04,002230,47.70854718,47.9979318,47.47903524,47.88816522,21545355,1031477150.86
2025-06-05,002230,48.05780448,48.6465525,47.80833498,48.50684958,30240338,1463789799.47
2025-06-06,002230,48.4469769,48.85610688,48.28731642,48.66651006,24049649,1171522047.46
2025-06-09,002230,48.78625542,48.96587346,48.42701934,48.71640396,20048427,979446877.72
2025-06-10,002230,48.6465525,48.73636152,47.4989928,47.898144,31094195,1494901302.27
2025-06-11,002230,47.97797424,48.6964464,47.97797424,47.9979318,16200853,783483800.54
2025-06-12,002230,48.02786814,48.18752862,47.72850474,47.83827132,18636733,895737673.2
2025-06-13,002230,47.6486745,48.26735886,47.12977794,47.75844108,56537374,2699870026.82
2025-06-16,002230,47.60875938,48.55674348,47.47903524,47.7983562,19790403,948634495.46
2025-06-17,002230,47.898144,48.0977196,47.40918378,47.52892914,13700904,654492116.98
2025-06-18,002230,47.53890792,47.78837742,47.17967184,47.58880182,14994700,712930440.31
2025-06-19,002230,47.55886548,47.8482501,46.76056308,46.86035088,17781842,843532233.42
2025-06-20,002230,46.8004782,47.10982038,45.7028124,45.74272752,21683333,1003125527.93
2025-06-23,002230,45.6030246,46.07202726,45.42340656,45.92234556,14934302,685801696.78
2025-06-24,002230,46.07202726,46.6507965,45.902388,46.64081772,20628058,959977492.96
2025-06-25,002230,46.64081772,47.4490989,46.401327,47.4490989,23443494,1103632972.14
2025-06-26,002230,47.47903524,47.97797424,47.23954452,47.25950208,21682994,1033431902.08
2025-06-27,002230,47.27945964,47.63869572,47.08986282,47.13975672,17120645,811269406.78
2025-06-30,002230,47.1497355,47.7983562,47.13975672,47.77839864,18938275,902438056.73
2025-07-01,002230,47.82829254,47.97797424,47.2994172,47.72850474,17824468,851643562.36
2025-07-02,002230,47.41916256,47.5987806,46.8004782,47.03996892,17210343,811718968.45
2025-07-03,002230,46.98009624,47.22956574,46.81045698,47.02001136,12224599,575593366.45
2025-07-04,002230,47.11,47.35,46.55,46.91,15829904,742840138.6
2025-07-07,002230,46.88,46.89,46.28,46.33,14024001,651435796.7
2025-07-08,002230,46.33,46.85,46.1,46.84,16623691,775425259.31
2025-07-09,002230,46.84,47.15,46.7,46.82,17713391,830515335.25
2025-07-10,002230,46.77,47.0,46.58,46.81,15070165,705286546.87
2025-07-11,002230,46.49,47.11,44.98,46.98,45847573,2118150735.64
2025-07-14,002230,46.94,46.94,46.33,46.37,20916354,972179829.2
2025-07-15,002230,46.33,47.38,46.02,47.24,34173865,1596294259.18
2025-07-16,002230,47.36,47.86,46.91,47.08,28258789,1338939509.41
2025-07-17,002230,47.08,47.94,46.83,47.6,30897041,1463258311.45
2025-07-18,002230,47.76,48.5,47.48,47.66,33241377,1592677048.04
2025-07-21,002230,47.78,48.07,47.55,47.92,23950269,1145416696.31
2025-07-22,002230,47.72,47.86,47.3,47.52,20930697,994319556.97
2025-07-23,002230,47.49,48.09,47.45,47.7,27186748,1298187324.52
2025-07-24,002230,47.8,48.28,47.61,48.25,31228686,1499661235.7
2025-07-25,002230,48.88,50.62,48.88,50.19,92633575,4622057872.98
2025-07-28,002230,50.18,50.18,49.0,49.29,49602060,2445167752.23
2025-07-29,002230,49.05,49.29,48.35,49.01,37164091,1811638308.84
2025-07-30,002230,48.72,49.06,48.08,48.41,29343059,1426389948.12
2025-07-31,002230,48.53,49.89,48.53,48.78,55961722,2748856437.55
2025-08-01,002230,49.31,49.38,47.81,48.62,42915568,2080777938.46
2025-08-04,002230,48.28,49.07,48.11,49.07,29384906,1433134022.31
2025-08-05,002230,49.08,49.16,48.41,48.96,27658415,1348725534.0
2025-08-06,002230,48.92,49.15,48.7,49.04,27152583,1329859867.22
2025-08-07,002230,49.04,49.44,48.6,48.88,25836779,1264121091.99
2025-08-08,002230,48.88,48.88,48.16,48.22,27427322,1327548819.81
2025-08-11,002230,48.21,49.6,48.18,49.06,35387023,1726009249.53
2025-08-12,002230,49.0,49.01,48.48,48.72,28885526,1406015152.26
2025-08-13,002230,48.77,49.07,48.56,48.91,34233084,1673255200.8
2025-08-14,002230,48.99,49.69,48.41,48.53,46571067,2285567494.26
2025-08-15,002230,48.48,49.1,48.19,49.07,38055064,1854512874.24
2025-08-18,002230,49.19,50.21,49.13,49.81,65103659,3242150312.32
2025-08-19,002230,49.81,50.21,49.6,49.67,44787185,2234673596.71
2025-08-20,002230,49.67,50.66,49.1,50.5,55934119,2790261898.73
2025-08-21,002230,50.67,51.79,50.66,50.98,73796443,3781221221.96
2025-08-22,002230,50.31,52.4,50.0,52.22,99770900,5137275824.97
2025-08-25,002230,53.0,53.25,51.5,52.2,96899580,5063588057.59
2025-08-26,002230,52.2,52.62,51.85,52.05,57884179,3018639471.56
2025-08-27,002230,54.0,56.18,52.65,52.68,161256085,8790187018.58
2025-08-28,002230,52.03,53.71,51.79,53.7,107102870,5638298275.72
2025-08-29,002230,53.78,54.35,52.68,53.35,70012709,3737377747.79
2025-09-01,002230,53.88,54.37,52.88,53.14,57969380,3092559362.16
2025-09-02,002230,53.14,54.3,51.85,53.4,97966858,5207733279.76
2025-09-03,002230,53.11,53.53,51.0,51.1,71955665,3743851068.16
2025-09-04,002230,51.12,51.46,48.19,49.2,72813603,3625928129.48
2025-09-05,002230,49.19,50.0,48.31,49.89,50549169,2487573905.22
2025-09-08,002230,50.05,53.77,50.05,52.7,111817519,5856961666.86
2025-09-09,002230,52.01,52.32,50.28,50.31,67373879,3433665891.38
2025-09-10,002230,50.35,50.87,50.1,50.17,34180978,1724253923.37
2025-09-11,002230,50.47,51.49,49.72,51.49,53469569,2721586222.57
2025-09-12,002230,51.54,52.66,51.38,51.47,62268666,3235648544.53
2025-09-15,002230,51.49,52.11,51.13,51.6,42784169,2207847573.01
2025-09-16,002230,51.6,52.65,51.36,52.27,54788971,2855578249.86
2025-09-17,002230,52.25,52.75,51.7,52.4,49909695,2603880298.6
2025-09-18,002230,52.43,54.26,51.8,52.58,100956565,5363628288.42
2025-09-19,002230,52.58,53.92,52.17,52.8,74461813,3962036237.57
2025-09-22,002230,53.25,53.77,52.59,53.2,62664549,3331938106.39
2025-09-23,002230,53.31,53.36,50.75,51.65,77932340,4035116423.54
2025-09-24,002230,51.25,55.99,51.05,55.05,159476440,8653428483.83
2025-09-25,002230,54.5,56.66,54.4,56.17,123458703,6893545689.62
2025-09-26,002230,55.8,56.0,54.13,54.2,79625927,4368605053.65
2025-09-29,002230,54.25,54.9,53.61,53.95,58830414,3178034501.15
2025-09-30,002230,54.85,56.42,54.3,56.05,97079854,5402759283.77
2025-10-09,002230,56.4,60.99,55.66,59.64,157332469,9192616376.58
2025-10-10,002230,58.5,59.07,55.66,55.97,119966108,6841558736.61
2025-10-13,002230,53.77,56.5,53.71,55.42,81288285,4497019124.89
2025-10-14,002230,56.0,56.26,52.82,52.9,86805592,4701299401.64
2025-10-15,002230,53.06,54.55,52.51,54.48,58826099,3154843096.14
2025-10-16,002230,53.97,54.24,53.37,53.71,40501586,2174948130.55
2025-10-17,002230,53.72,53.72,51.27,51.34,62899897,3272441722.88
2025-10-20,002230,52.17,52.6,51.07,51.35,43331365,2243922144.25
2025-10-21,002230,52.53,53.26,51.88,52.6,52993725,2778513306.17
2025-10-22,002230,52.3,52.36,51.64,51.75,33891044,1757583525.72
2025-10-23,002230,51.82,52.1,50.69,51.85,35494526,1819513374.42
2025-10-24,002230,52.27,52.75,52.12,52.55,46709029,2450064702.53
2025-10-27,002230,53.2,53.53,52.56,52.82,50969978,2697902336.67
2025-10-28,002230,52.79,54.48,52.46,53.59,71984100,3865422283.02
2025-10-29,002230,53.34,53.99,53.01,53.99,51181606,2744158443.2
2025-10-30,002230,53.7,55.15,53.43,54.02,74352501,4042739344.39
2025-10-31,002230,54.11,55.83,54.1,55.6,85594598,4735820622.79
2025-11-03,002230,56.28,56.38,54.71,55.6,66267134,3673186707.3
2025-11-04,002230,54.9,54.9,53.71,54.09,56357496,3058841263.6
2025-11-05,002230,53.01,53.39,52.09,52.77,56542146,2977680524.87
2025-11-06,002230,52.78,54.6,52.38,53.6,49475837,2636640396.5
2025-11-07,002230,53.15,53.27,52.5,52.52,38475085,2030721678.92
2025-11-10,002230,52.66,53.42,52.66,52.91,34712189,1840704651.63
2025-11-11,002230,53.02,53.15,51.2,51.48,52203179,2717365846.54
2025-11-12,002230,51.48,51.68,50.18,50.55,38068571,1932575700.4
2025-11-13,002230,50.54,51.06,50.37,50.87,27468832,1394510650.88
2025-11-14,002230,50.4,50.54,49.98,49.98,30107385,1510723295.74
2025-11-17,002230,49.9,50.9,49.82,50.56,29297838,1476611348.1
2025-11-18,002230,50.4,52.0,50.1,51.55,45693349,2343992656.03
2025-11-19,002230,51.46,51.49,50.55,50.92,29111328,1484210465.98
2025-11-20,002230,51.3,51.4,50.08,50.1,24210821,1222637641.27
2025-11-21,002230,49.54,50.2,48.64,49.2,37714069,1859923803.89
2025-11-24,002230,49.8,50.84,48.83,50.55,41529696,2077273343.73
2025-11-25,002230,50.66,51.58,50.46,50.53,40604112,2069265043.73
2025-11-26,002230,50.11,50.74,49.9,50.02,30017760,1507441647.81
2025-11-27,002230,50.03,50.49,49.33,49.37,28779929,1435825349.09
2025-11-28,002230,49.45,49.68,49.18,49.52,20985265,1037150023.64
2025-12-01,002230,49.82,50.3,49.45,50.08,28084370,1403439785.6
2025-12-02,002230,50.15,50.2,49.43,49.49,21049314,1046033643.61
2025-12-03,002230,49.55,49.61,48.5,48.51,27198473,1330140840.88
2025-12-04,002230,48.46,48.79,48.08,48.63,19780200,958420508.34
2025-12-05,002230,48.63,49.06,48.2,48.83,21320021,1036382487.87
2025-12-08,002230,49.06,49.41,48.9,49.18,23956216,1177586876.14
2025-12-09,002230,49.18,49.31,48.51,48.63,21278868,1040111090.16
2025-12-10,002230,48.4,49.18,48.1,49.16,23390462,1138057621.89
2025-12-11,002230,49.25,49.28,48.85,48.87,21127203,1036437913.61
2025-12-12,002230,48.8,49.82,48.71,49.7,40063623,1980640770.42
2025-12-15,002230,49.5,50.38,49.2,49.87,30288338,1509499654.37
2025-12-16,002230,49.66,49.86,48.75,48.75,21558527,1058375712.18
2025-12-17,002230,48.74,49.42,48.51,49.33,21704079,1063011608.13
2025-12-18,002230,48.91,49.33,48.66,48.66,17993019,881133855.24
2025-12-19,002230,48.75,48.96,48.66,48.8,15812949,772071318.32
2025-12-22,002230,48.94,49.24,48.76,49.05,20540101,1006958365.16
2025-12-23,002230,49.01,49.05,48.58,48.62,20332108,990285842.39
2025-12-24,002230,48.63,48.9,48.45,48.73,20168442,981671775.0
2025-12-25,002230,48.8,48.9,48.37,48.75,24945060,1213394426.54
2025-12-26,002230,48.76,49.35,48.62,48.84,29547418,1447838261.92
2025-12-29,002230,48.87,49.3,48.46,49.02,34137194,1667284546.76
2025-12-30,002230,48.71,49.16,48.66,48.95,29672777,1451104870.02
2025-12-31,002230,49.5,50.79,49.5,50.29,66144393,3323210617.59
2026-01-05,002230,51.0,54.54,51.0,53.84,134685730,7127686667.1
2026-01-06,002230,54.07,54.59,53.18,53.89,112052553,6031721440.56
2026-01-07,002230,53.91,54.22,52.57,53.02,82805682,4416441015.79
2026-01-08,002230,53.73,54.46,53.1,53.41,77902465,4176899689.58
2026-01-09,002230,53.15,55.85,52.92,55.6,141793653,7736755063.43
2026-01-12,002230,57.5,60.5,57.3,59.6,199793135,11794942724.09
2026-01-13,002230,61.02,65.0,60.8,60.89,223585590,13858254113.94
2026-01-14,002230,61.26,64.5,61.26,62.64,209243343,13132728031.07
2026-01-15,002230,61.66,66.3,61.54,63.39,149937186,9570270504.95
2026-01-16,002230,61.54,67.5,61.52,63.7,157239198,10160664529.08
2026-01-19,002230,63.78,65.02,60.81,61.05,149168201,9286832582.89
2026-01-20,002230,61.5,61.83,58.02,58.63,120442957,7132471423.8
2026-01-21,002230,58.03,59.23,57.85,58.09,71692267,4194035245.7
2026-01-22,002230,58.6,59.77,58.11,58.44,63777036,3746334574.5
2026-01-23,002230,59.0,59.3,58.11,58.75,69505794,4083467558.25
2026-01-26,002230,59.7,60.0,57.7,58.17,84600776,4962568921.8
2026-01-27,002230,58.45,58.99,57.26,58.15,68626505,3978486086.26
2026-01-28,002230,58.5,58.75,57.26,57.32,68016830,3933553199.95
2026-01-29,002230,58.51,63.05,58.51,61.0,206628885,12688753520.29
2026-01-30,002230,60.68,61.21,58.68,59.6,131630865,7853863089.36
2026-02-02,002230,59.6,60.25,56.85,57.0,100838103,5888395179.77
2026-02-03,002230,57.99,58.14,56.48,58.12,78213058,4495687411.79
2026-02-04,002230,57.42,58.28,56.35,56.93,68123715,3878533158.63
2026-02-05,002230,56.15,56.94,55.66,55.75,50414774,2827155391.83
2026-02-06,002230,55.25,55.64,54.32,54.81,49832700,2740836894.79
2026-02-09,002230,55.75,56.7,55.35,56.41,63446965,3555871565.1
2026-02-10,002230,56.5,57.24,55.82,56.86,61844477,3506003300.7
2026-02-11,002230,56.51,57.16,56.38,56.47,41603442,2359057319.3
2026-02-12,002230,56.95,58.4,56.56,57.8,80709412,4639970912.31
2026-02-13,002230,56.88,57.67,56.81,57.12,54681803,3126377989.65
2026-02-24,002230,58.4,58.45,55.86,57.16,74094209,4223020217.77
2026-02-25,002230,56.7,57.12,55.96,56.12,57642499,3245816379.25
2026-02-26,002230,56.13,56.18,55.4,55.69,45653983,2543350300.68
2026-02-27,002230,55.48,56.27,55.3,55.82,44625965,2491942171.83
2026-03-02,002230,54.76,55.21,54.1,54.32,57718854,3150990301.85
2026-03-03,002230,54.59,54.81,52.09,52.15,65214027,3468043122.69
2026-03-04,002230,51.46,52.51,51.22,51.72,44006883,2283367038.73
2026-03-05,002230,52.88,52.96,51.91,52.19,36059485,1888642166.49
2026-03-06,002230,52.2,52.83,51.87,52.53,31099310,1629494278.17
